,index,emd_ani_sal,emd_ani_gaze,label
0,340,0.3824542164802551,1.7143858671188354,0
1,2120,0.2283887714147567,0.0016218881355598,1
2,2133,0.2012352347373962,0.1153523623943328,0
3,3603,0.0016313844826072,0.3372208774089813,1
4,3623,0.0004886799142695,0.3319048583507538,0
5,5962,0.0445345342159271,0.2995526790618896,1
6,5980,0.0237583499401807,0.0163388177752494,0
7,7414,0.105147399008274,0.5202509760856628,1
8,7443,0.0691292956471443,0.5842700600624084,0
9,8867,0.0012002425501123,0.3495248556137085,1
10,8878,0.0012483188183978,0.1338492482900619,0
11,9524,0.1102337688207626,0.478702574968338,1
