,index,emd_ani_sal,emd_ani_gaze,label
0,389,0.0733448043465614,0.7001374959945679,0
1,5086,0.0090032303705811,0.2556003034114837,1
2,5099,0.0093929693102836,0.6384236216545105,0
3,7053,0.0,5.621790409088135,1
4,7069,0.0,5.720565319061279,0
5,12662,0.0582828260958194,0.4198099672794342,1
