,index,emd_ani_sal,emd_ani_gaze,label
0,249,0.055495660752058,1.6878162622451782,0
1,2107,0.0060497769154608,0.3944906294345855,1
2,2130,0.0119530418887734,0.5871544480323792,0
3,7381,0.0803387463092804,1.296333909034729,1
4,7391,0.0577025078237056,0.8630669713020325,0
5,8447,0.0017951410263776,0.1967785507440567,1
6,8457,0.0001398733729729,0.2109405249357223,0
7,9319,0.0077855251729488,0.5243926048278809,1
