,index,emd_ani_sal,emd_ani_gaze,label
0,193,0.5940159559249878,1.919053316116333,0
1,1107,0.614628255367279,0.7741295695304871,1
2,1121,0.946446418762207,0.8281679749488831,0
3,6332,1.4490747451782229,0.0928190350532531,1
4,6346,0.9620344638824464,0.0668864101171493,0
5,7927,0.0001004141449811,0.3143382370471954,1
