,index,emd_ani_sal,emd_ani_gaze,label
0,400,0.1094847321510315,5.528568267822266,0
1,1112,0.0954683870077133,0.4492321312427521,1
2,1122,0.0621088333427906,0.5388500094413757,0
3,1708,0.0533941127359867,3.3211827278137207,1
4,1721,0.0682276636362075,1.0333890914916992,0
5,2936,0.0981457829475402,0.6239285469055176,1
6,2950,0.032165303826332,0.2816613912582397,0
7,4010,0.0515408441424369,1.0305984020233154,1
8,4029,0.1394839733839035,0.7891852259635925,0
9,5896,0.0071053770370781,0.4635099470615387,1
10,5910,0.0029680323787033,0.5206575989723206,0
11,7650,0.0004166100698057,1.7193330526351929,1
12,7663,0.0014870609156787,0.0733160749077797,0
13,8807,0.0163900889456272,0.1463096141815185,1
14,8818,0.0104252938181161,0.0019274239894002,0
15,10670,0.0169484950602054,0.0204683933407068,1
16,10692,0.0197802986949682,0.036694947630167,0
17,11227,0.0180704556405544,0.7373826503753662,1
18,11240,0.0102488994598388,0.2796020805835724,0
19,13116,0.0566327087581157,2.991549491882324,1
20,13130,0.0720482841134071,0.3489660024642944,0
21,14049,0.0124612748622894,0.0017301097977906,1
