,index,emd_ani_sal,emd_ani_gaze,label
0,211,0.7367529273033142,1.4679557085037231,0
1,1043,0.2377096116542816,0.1794271916151046,1
2,1055,0.1922317594289779,3.5306631616549566e-05,0
3,3143,1.2272449731826782,0.1281420737504959,1
4,3156,1.473671317100525,0.0682438090443611,0
5,6056,0.139857143163681,0.2104093879461288,1
6,6070,0.0893056690692901,0.5350629091262817,0
7,6463,1.6473853588104248,0.977886974811554,1
8,6476,2.0079286098480225,0.0026925317943096,0
9,8675,3.400045394897461,0.5145934820175171,1
10,8689,1.998238205909729,0.0295474585145711,0
11,9283,0.1723358184099197,0.8251454830169678,1
12,9297,0.0672497972846031,0.147682785987854,0
13,9701,1.4031590223312378,0.3809691369533539,1
