,index,emd_ani_sal,emd_ani_gaze,label
0,247,0.2260626852512359,7.909475326538086,0
1,482,0.078185811638832,0.188097134232521,1
2,497,0.0973796099424362,0.2108870595693588,0
3,2848,0.3219797909259796,0.330058217048645,1
4,2863,0.4075175821781158,0.3306651413440704,0
5,3576,0.1897442638874054,0.0089146979153156,1
6,3589,0.1926463693380355,0.1102845147252082,0
7,4816,0.0062103774398565,0.3212866485118866,1
8,4830,0.0,0.2823899686336517,0
9,5379,0.7706218957901001,0.2637939751148224,1
10,5394,0.5809621810913086,0.2686696350574493,0
11,6146,0.011060619726777,0.6941952705383301,1
12,6159,0.0752102509140968,0.0995601639151573,0
13,7500,0.0558685213327407,0.4656677544116974,1
14,7510,0.0869389325380325,0.7939556241035461,0
15,8451,0.033742681145668,0.1969656497240066,1
16,8465,0.0526920966804027,0.6000959277153015,0
17,12152,0.6592149138450623,0.2680820524692535,1
