,index,emd_ani_sal,emd_ani_gaze,label
0,318,0.0120082106441259,10.592894554138184,0
1,541,0.006784051656723,0.4990834593772888,1
2,556,0.0077804974280297,0.5357263684272766,0
3,4355,0.0425742901861667,0.1621079593896865,1
4,4371,0.0247033759951591,0.189930722117424,0
5,7539,0.0453882738947868,0.0810026079416275,1
6,7556,0.0267108213156461,0.1601846367120742,0
7,9179,0.0227882899343967,0.109406940639019,1
