,index,emd_ani_sal,emd_ani_gaze,label
0,364,0.1914090514183044,7.62388277053833,0
1,466,0.0266633611172437,7.058104991912842,1
2,479,0.2020182758569717,0.5894342660903931,0
3,1324,0.0117464521899819,3.90114688873291,1
4,1336,0.0086681013926863,0.6262946128845215,0
5,2548,0.3423639237880707,0.0619752295315265,1
6,2561,0.4706748723983764,4.486510079004802e-06,0
7,4127,0.2956516146659851,0.7951352596282959,1
8,4145,0.1233889237046241,0.0936107635498046,0
9,4748,0.1028303876519203,2.051153898239136,1
10,4761,0.0771813318133354,0.1577817052602768,0
11,5349,0.2220945209264755,0.2834736704826355,1
12,5364,0.1403851062059402,0.3519241213798523,0
13,5855,0.0421100258827209,0.100654199719429,1
14,5868,0.1143133714795112,0.0687539801001548,0
15,6579,0.448214054107666,2.3043196506478125e-07,1
16,6593,0.1461579948663711,2.0885008211735115e-07,0
17,7093,0.2127881646156311,1.189159631729126,1
18,7109,0.0562006458640098,0.019700514152646,0
19,7607,0.1503960639238357,0.1795497089624405,1
20,7623,0.1681358069181442,0.2401482909917831,0
21,8498,0.0164947994053363,1.7455369234085083,1
22,8513,0.0170865952968597,0.4598826169967651,0
23,8975,0.2802304029464721,0.6025345921516418,1
24,8991,0.1869302988052368,0.0279504470527172,0
25,9598,0.3891347348690033,0.0805658772587776,1
26,9613,0.3251286447048187,0.0291718486696481,0
27,10577,0.0071758115664124,1.2291496992111206,1
