,index,emd_ani_sal,emd_ani_gaze,label
0,127,0.0923249274492263,6.118549823760986,0
1,4275,1.1530358791351318,0.0529809147119522,1
2,4288,0.3779356777667999,0.0730993822216987,0
3,5315,1.9583640098571775,0.1455054283142089,1
4,5327,1.4918357133865356,0.1674398332834243,0
5,6818,0.2431245893239975,0.7485221028327942,1
6,6831,0.0800605043768882,1.1671892404556274,0
7,8917,0.1921281814575195,0.2374445647001266,1
8,8931,0.1027313321828842,0.2423301041126251,0
9,11224,0.5168204307556152,0.0831699818372726,1
