,index,emd_ani_sal,emd_ani_gaze,label
0,137,0.1312704980373382,1.1783052682876587,0
1,354,0.0532018840312957,0.0500705875456333,1
2,369,0.0021651282440871,0.9414671063423156,0
3,1399,0.0314848907291889,1.0213823318481443,1
4,1413,0.0322888530790805,0.3055702447891235,0
5,2528,0.0197092369198799,0.2714391946792602,1
6,2542,0.0277492422610521,0.1111221387982368,0
7,2888,0.0433331131935119,0.3402547538280487,1
8,2903,0.0075078667141497,0.0968615040183067,0
9,3839,0.0102820377796888,0.2247798591852188,1
