,index,emd_ani_sal,emd_ani_gaze,label
0,289,0.70107501745224,1.9412912130355835,0
1,875,0.0585298500955104,0.2063523381948471,1
2,888,0.014523472636938,0.0877504721283912,0
3,1162,0.0070758555084466,6.135635852813721,1
4,1176,0.0025743211153894,0.5401207208633423,0
5,1999,0.0202921461313962,1.02623188495636,1
6,2015,0.0197309516370296,0.2142293751239776,0
7,2398,0.0261890031397342,0.6826183199882507,1
8,2413,0.0012905995827168,0.055341187864542,0
9,3149,0.0207924116402864,0.1591250747442245,1
