,index,emd_ani_sal,emd_ani_gaze,label
0,323,0.2090094089508056,3.5971009731292725,0
1,557,0.2572743892669678,0.4445254504680633,1
2,572,0.1752777844667434,0.0637112334370613,0
3,1124,0.4971838891506195,0.0255058389157056,1
4,1138,0.5457689166069031,0.0121650099754333,0
5,1599,0.0509051419794559,0.4739985466003418,1
6,1616,0.0247754827141761,0.4161013960838318,0
7,2294,0.0065541989170014,0.5176940560340881,1
8,2311,0.0076817427761852,0.2970548868179321,0
9,2829,0.0943278148770332,0.2097040712833404,1
10,2844,0.1095611825585365,0.2100413739681244,0
11,3093,0.4375088810920715,0.3692134916782379,1
12,3108,0.5805600881576538,0.0020107992459088,0
13,3358,0.3675778210163116,0.0897130593657493,1
14,3374,0.2281752228736877,0.1998868584632873,0
15,4238,0.0761275514960289,0.0006259226356633,1
