,index,emd_ani_sal,emd_ani_gaze,label
0,151,0.000265078182565,4.883796215057373,0
1,268,0.0075907502323389,3.612907648086548,1
2,283,0.0397611781954765,0.935049831867218,0
3,1034,0.0064741536043584,0.1703271865844726,1
4,1049,0.0603243596851825,0.1112320497632026,0
5,1613,0.0028094935696572,0.0274225752800703,1
6,1628,0.011036055162549,0.0683260187506675,0
7,2578,0.5077941417694092,0.0943825468420982,1
