,index,emd_ani_sal,emd_ani_gaze,label
0,340,0.4376001358032226,2.896610975265503,0
1,399,0.0770133063197135,1.5064690113067627,1
2,411,0.1275577247142791,0.0970640182495117,0
3,1956,0.5912792086601257,0.6409823298454285,1
4,1970,0.1104532331228256,0.0542115457355976,0
5,3241,0.03574750572443,1.1631271839141846,1
6,3255,0.0814424902200698,2.3799386024475098,0
7,4727,0.1700730323791504,0.3310275375843048,1
