,index,emd_ani_sal,emd_ani_gaze,label
0,374,0.0113577703014016,1.669622540473938,0
1,2816,3.5436294078826904,1.1513227224349976,1
2,2829,2.39771580696106,0.0286281332373619,0
3,3090,3.2275755405426025,0.255544900894165,1
4,3104,1.4429012537002563,1.366193771362305,0
5,3900,0.0210981853306293,2.519822120666504,1
