,index,emd_ani_sal,emd_ani_gaze,label
0,131,0.6764664649963379,4.362627506256104,0
1,3515,0.014658510684967,0.7666831016540527,1
2,3530,0.0308091137558221,0.265465646982193,0
3,5141,0.2969840764999389,3.146500825881958,1
4,5153,0.1898741871118545,0.4678413271903991,0
5,6288,0.0176542084664106,0.2724584937095642,1
