,index,emd_ani_sal,emd_ani_gaze,label
0,1696,0.7576454877853394,1.3679959774017334,0
1,4963,0.4016206860542297,7.674831390380859,1
2,4975,0.2429111152887344,7.938819885253906,0
3,6958,0.3080549240112304,0.0414697416126728,1
