,index,emd_ani_sal,emd_ani_gaze,label
0,375,0.0789637342095375,4.160813808441162,0
1,4139,0.5844366550445557,0.8086338639259338,1
2,4152,0.6311968564987183,4.398911528369354e-07,0
3,6355,0.0403489284217357,0.3294003307819366,1
