,index,emd_ani_sal,emd_ani_gaze,label
0,129,0.5107069611549377,1.9959654808044436,0
1,4348,0.0816797241568565,2.1584789752960205,1
