,index,emd_ani_sal,emd_ani_gaze,label
0,201,3.24985933303833,1.9796971082687376,0
1,6035,0.3564614355564117,3.292221784591675,1
