,index,emd_ani_sal,emd_ani_gaze,label
0,378,0.4081663191318512,2.518261194229126,0
1,7842,0.0024359028320759,0.1254429668188095,1
2,7857,0.0065570236183702,1.1708025932312012,0
3,10939,0.0058013354428112,0.0565125234425067,1
