,index,emd_ani_sal,emd_ani_gaze,label
0,333,0.5721914768218994,1.39902925491333,0
1,2654,0.117057204246521,3.48183274269104,1
2,2669,0.0800902098417282,0.4030119478702545,0
3,3196,0.0297064129263162,6.80411958694458,1
4,3210,0.0055722468532621,0.3026469945907593,0
5,4348,0.6402619481086731,0.1178231239318847,1
6,4363,0.6476717591285706,0.1127114668488502,0
7,4989,0.0071905809454619,2.936875343322754,1
8,4999,0.0145938703790307,0.3313881754875183,0
9,6158,0.0438555628061294,3.250131845474243,1
