,index,emd_ani_sal,emd_ani_gaze,label
0,89,0.0265572313219308,9.988812446594238,0
1,335,0.1178264766931533,0.6109967827796936,1
2,351,0.0850182175636291,0.6120083928108215,0
3,762,0.0378571636974811,4.106851577758789,1
4,776,0.0637907609343528,0.9624500274658204,0
5,1140,0.0310129653662443,0.6526021957397461,1
6,1156,0.0479443781077861,0.2679471373558044,0
7,2382,0.0857764557003974,4.254947662353516,1
