,index,emd_ani_sal,emd_ani_gaze,label
0,207,0.0838064774870872,5.925250053405762,0
1,3066,0.1641572564840316,5.135232448577881,1
2,3083,0.0905716717243194,0.665547251701355,0
3,4224,0.0380202159285545,0.2592077255249023,1
4,4239,0.0157015938311815,0.1660356968641281,0
5,6357,0.0,0.1530104726552963,1
6,6373,0.0035350592806935,0.1212643682956695,0
7,6643,0.0664196610450744,1.868095874786377,1
8,6658,0.1599394530057907,0.7061172723770142,0
9,8812,0.2948366701602936,1.325284719467163,1
