,index,emd_ani_sal,emd_ani_gaze,label
0,297,2.465516805648804,0.0015890044160187,0
1,1030,0.0506266616284847,1.107606291770935,1
2,1045,0.2069560438394546,1.2854506969451904,0
3,3630,0.0410964079201221,5.898394584655762,1
4,3644,0.060881707817316,5.743518352508545,0
5,7421,0.3398517668247223,1.5248527526855469,1
6,7431,0.4059512913227081,1.3923368453979492,0
7,8508,0.0052941041067242,0.1376737207174301,1
