,index,emd_ani_sal,emd_ani_gaze,label
0,214,0.050434373319149,2.2864701747894287,0
1,1710,0.0476008988916873,5.201600551605225,1
2,1721,0.0485987737774848,5.468618392944336,0
3,1726,0.048417430371046,5.284882068634033,1
