,index,emd_ani_sal,emd_ani_gaze,label
0,126,0.0099740028381347,4.38426399230957,0
1,4036,0.0563179701566696,0.4481129944324493,1
2,4050,0.2849632799625397,0.0286110509186983,0
3,4411,0.0816286876797676,6.901055812835693,1
4,4413,0.0867119282484054,7.279212474822998,0
5,8982,0.0704398527741432,5.824060440063477,1
