,index,emd_ani_sal,emd_ani_gaze,label
0,166,0.827277421951294,1.2546521425247192,0
1,7440,0.0510417893528938,0.0008670868701301,1
2,7453,0.0292250830680131,2.6557216187939048e-05,0
3,7811,0.0836003869771957,1.30079448223114,1
