,index,emd_ani_sal,emd_ani_gaze,label
0,158,0.0092418892309069,4.960153102874756,0
1,923,0.0075907218270003,0.5361201167106628,1
2,939,0.0052339290268719,0.3114974796772003,0
3,1810,0.0129013219848275,6.531445026397705,1
4,1822,0.0090352231636643,5.74744176864624,0
5,3948,0.0978766903281211,1.4343425035476685,1
6,3963,0.1273948699235916,1.512503981590271,0
7,4414,0.0293105952441692,0.7701903581619263,1
8,4429,0.0155093818902969,0.8406221866607666,0
9,8149,0.0505755059421062,0.7591360807418823,1
