,index,emd_ani_sal,emd_ani_gaze,label
0,132,0.1326181888580322,4.291854381561279,0
1,1806,0.0310867540538311,0.161484032869339,1
2,1819,0.009013875387609,0.2283038198947906,0
3,6217,0.052393514662981,0.3860785365104675,1
4,6233,0.0659900680184364,0.5704673528671265,0
5,8153,0.0021355331409722,3.635896682739258,1
