,index,emd_ani_sal,emd_ani_gaze,label
0,205,0.0064218412153422,2.4414005279541016,0
1,2802,0.0006098329322412,0.0596839785575866,1
2,2819,0.0004890851560048,0.0504713058471679,0
3,7299,0.0003787394671235,2.559512138366699,1
4,7316,0.0,2.5690784454345703,0
5,8310,0.124440960586071,0.2038055956363678,1
