,index,emd_ani_sal,emd_ani_gaze,label
0,129,0.0923302695155143,5.921475410461426,0
1,1749,0.0003147339448332,3.3627779483795166,1
2,1763,0.0003893106768373,2.506540536880493,0
3,3372,0.0363645516335964,0.030772428959608,1
