,index,emd_ani_sal,emd_ani_gaze,label
0,264,1.3918510675430298,2.283766031265259,0
1,7140,0.1096058040857315,0.6803797483444214,1
2,7157,0.0889018550515174,0.5317210555076599,0
3,11090,0.3913702964782715,4.417248725891113,1
4,11107,0.2466805279254913,8.588936805725098,0
5,11560,0.2081483602523803,7.636890888214111,1
