,index,emd_ani_sal,emd_ani_gaze,label
0,263,1.2580946683883667,3.2048258781433105,0
1,2588,0.376390278339386,0.0,1
2,2600,0.5715625882148743,-5.309464423675081e-09,0
3,4154,0.5258692502975464,0.1813404411077499,1
4,4169,0.1154649779200553,0.8727580308914185,0
5,5115,0.054868996143341,1.0202556848526,1
