,index,emd_ani_sal,emd_ani_gaze,label
0,101,0.1162446588277816,6.085607051849365,0
1,4084,0.0117223532870411,4.19120979309082,1
2,4089,0.023557798936963,3.923887729644776,0
3,4104,0.0227014813572168,0.189225435256958,1
