,index,emd_ani_sal,emd_ani_gaze,label
0,212,0.0699187070131301,5.778425693511963,0
1,417,0.0497880689799785,0.9025153517723083,1
2,428,0.0439061373472213,6.800893783569336,0
3,1421,0.0189694743603467,0.3745892643928528,1
4,1435,0.0127905160188674,0.1395894736051559,0
5,3670,0.1542888134717941,6.880476576043293e-05,1
6,3685,0.1607896983623504,0.0189781002700328,0
7,5481,0.0072227385826408,0.3039062917232513,1
