,name,emd,label
0,5384.png,2.4377546310424805,1
1,3062.png,0.8857139348983765,1
2,3063.png,2.6424050331115723,1
3,0907.png,3.504317283630371,1
