,index,emd_ani_sal,emd_ani_gaze,label
0,338,0.2263463586568832,1.7387678623199463,0
1,1922,0.0735679492354393,0.2404125481843948,1
2,1935,0.07753287255764,0.5543555617332458,0
3,3533,0.5659416317939758,0.1780221164226532,1
