,index,emd_ani_sal,emd_ani_gaze,label
0,229,0.7874076962471008,1.4843758344650269,0
1,875,0.1088435351848602,6.600877285003662,1
2,890,0.0153371943160891,2.2684860229492188,0
3,1666,0.0038993712514638,1.6584630012512207,1
4,1681,0.0044576087966561,0.2644567787647247,0
5,2144,0.2276225239038467,0.9042550325393676,1
6,2160,0.1132245138287544,0.070358358323574,0
7,3379,0.023461926728487,1.2148454189300537,1
