,index,emd_ani_sal,emd_ani_gaze,label
0,244,0.0137290004640817,4.754519939422607,0
1,725,0.1810860782861709,1.4236363172531128,1
2,739,0.0499181635677814,0.0451769903302192,0
3,1943,0.0278937965631485,0.1047935634851455,1
4,1958,0.0253807324916124,3.3521921634674072,0
5,2466,1.448662281036377,1.4068398475646973,1
