,index,emd_ani_sal,emd_ani_gaze,label
0,311,0.0636707991361618,5.230653762817383,0
1,2075,0.0932109281420707,2.276064157485962,1
2,2097,0.0961052030324935,0.8660821318626404,0
3,3758,0.2182248383760452,0.3112460076808929,1
4,3772,0.0906616076827049,0.372087687253952,0
5,4941,2.247256278991699,0.0669345110654831,1
