,index,emd_ani_sal,emd_ani_gaze,label
0,380,0.0400879047811031,3.140289306640625,0
1,470,0.0759618654847145,2.340677261352539,1
2,486,0.0328283086419105,0.1742013245820999,0
3,831,0.097741462290287,0.3045417666435241,1
4,846,0.0343231298029422,1.1203908920288086,0
5,1631,0.1983872056007385,0.1225662529468536,1
6,1646,0.3695681989192962,0.0914184525609016,0
7,2889,1.2991766929626465,0.1124966889619827,1
8,2904,1.7920531034469604,0.1518344730138778,0
9,3331,0.3843036293983459,0.1672267615795135,1
10,3347,0.2627187669277191,0.3657572269439697,0
11,4251,0.0325995571911335,0.2876486182212829,1
