,index,emd_ani_sal,emd_ani_gaze,label
0,382,0.1912853717803955,2.6259758472442627,0
1,5505,0.0550543628633022,6.451633930206299,1
