,index,emd_ani_sal,emd_ani_gaze,label
0,347,0.0313999503850936,4.462069034576416,0
1,552,0.0190794747322797,2.5436739921569824,1
2,566,0.0049758283421397,0.5481806993484497,0
3,1989,0.2007444053888321,0.0051507446914911,1
4,2004,0.0831020548939704,0.262877345085144,0
5,4393,0.0413988530635833,0.232628583908081,1
