,index,emd_ani_sal,emd_ani_gaze,label
0,309,0.000355113617843,7.258933544158935,0
1,368,0.0152664482593536,0.5902956128120422,1
2,383,0.0030602437909692,0.5243098735809326,0
3,1140,0.0245214365422725,1.152370572090149,1
4,1156,0.003615993540734,1.1193941831588743,0
5,2441,0.0473695024847984,2.792520523071289,1
6,2453,0.039619967341423,0.1213557124137878,0
7,2833,0.0126626212149858,1.8549472093582156,1
8,2844,0.0138987535610795,0.5751218795776367,0
9,3791,0.3344221115112304,1.7793415784835815,1
10,3806,0.4798707664012909,1.6766327619552612,0
11,4864,0.4728841483592987,0.2453151643276214,1
12,4880,0.2138368487358093,0.1018703430891037,0
13,11872,0.1209040433168411,0.2204184234142303,1
14,11890,0.0174111071974039,0.1085399612784385,0
15,12330,0.1719637960195541,4.064343929290772,1
