,index,emd_ani_sal,emd_ani_gaze,label
0,377,0.0030303283128887,1.4124650955200195,0
1,1245,0.0907065570354461,0.3244123756885528,1
2,1260,0.1329184025526046,0.5002892017364502,0
3,2733,0.0028633086476475,1.915891408920288,1
