,index,emd_ani_sal,emd_ani_gaze,label
0,399,1.4618209600448608,1.1775450706481934,0
1,4615,2.3245233023772016e-05,0.1525165289640426,1
