,index,emd_ani_sal,emd_ani_gaze,label
0,402,0.8110129237174988,1.5893232822418213,0
1,972,0.2879950702190399,0.7909038662910461,1
2,986,0.1923249065876007,0.8265551328659058,0
3,2465,0.2381384223699569,0.5427877306938171,1
4,2475,0.2985148429870605,0.1771370321512222,0
5,3237,0.2832875847816467,0.0584831275045871,1
6,3251,0.2069684565067291,0.0577160790562629,0
7,4743,0.3273271322250366,6.530787944793701,1
8,4759,0.1982866376638412,6.536476135253906,0
9,5872,1.2054888010025024,0.1318753659725189,1
