,index,emd_ani_sal,emd_ani_gaze,label
0,104,0.1294339597225189,6.644778251647949,0
1,1921,0.2195332795381546,0.0595583692193031,1
2,1938,0.1966720521450042,0.8204870820045471,0
3,2711,0.0202125720679759,1.6015801429748535,1
4,2729,0.0410352498292923,0.1370166987180709,0
5,3022,0.0369863174855709,0.0193398725241422,1
6,3038,0.0636681020259857,0.0065313871018588,0
7,3447,0.0201198570430278,0.7867300510406494,1
8,3465,0.0062169544398784,1.529578447341919,0
9,4361,0.0058930963277816,0.5642625689506531,1
