,index,emd_ani_sal,emd_ani_gaze,label
0,218,0.1604055166244506,2.0495519638061523,0
1,951,0.0990836694836616,2.1885673999786377,1
2,971,0.1826767921447754,0.0460578016936779,0
3,1396,0.0500975362956523,0.6100946664810181,1
4,1414,0.0343832895159721,0.3364481031894684,0
5,2312,0.4888988435268402,5.306257724761963,1
6,2330,0.3360398709774017,0.2845452129840851,0
7,4000,0.1066516116261482,1.58158278465271,1
