,index,emd_ani_sal,emd_ani_gaze,label
0,359,0.0686983317136764,10.0687837600708,0
1,512,0.0136709958314895,0.2820029258728027,1
2,528,0.003727052360773,5.260258674621582,0
3,1014,0.0098503902554512,1.846428394317627,1
4,1026,0.0178234651684761,2.1543936729431152,0
5,2516,0.0059370370581746,0.1005820631980896,1
6,2531,0.032626736909151,0.3425703942775726,0
7,3080,0.2100925892591476,0.1357696652412414,1
8,3096,0.1978325694799423,0.1110165640711784,0
9,3778,0.0070598777383565,0.2581372857093811,1
10,3792,0.0040493826381862,0.3685254454612732,0
11,4250,0.0,3.2551770210266118,1
