,index,emd_ani_sal,emd_ani_gaze,label
0,101,0.2552671730518341,0.8508614301681519,0
1,259,0.1750624030828476,0.1489161849021911,1
2,276,0.0817444026470184,1.4009106159210205,0
3,1694,0.0120450686663389,2.3591787815093994,1
4,1709,0.0173429809510707,3.8625802993774414,0
5,2084,0.0276629384607076,1.1817718744277954,1
6,2102,0.0711860880255699,4.527309894561768,0
7,2542,0.0494091212749481,2.675065517425537,1
8,2555,0.0123335151001811,3.699420213699341,0
9,3063,0.1043782755732536,0.2154301851987838,1
10,3075,0.062875360250473,0.3549787104129791,0
11,3426,0.1344444751739502,4.622656345367432,1
