,index,emd_ani_sal,emd_ani_gaze,label
0,310,0.1054631918668747,5.047100067138672,0
1,1667,0.09964469820261,0.1692820191383361,1
2,1682,0.1799269616603851,0.2251946032047271,0
3,2387,0.2443152368068695,2.6820567654795013e-05,1
4,2402,0.2784439027309418,3.3737552165985107,0
5,2939,0.3683130145072937,0.5990787148475647,1
