,index,emd_ani_sal,emd_ani_gaze,label
0,130,0.0070501170121133,5.574447154998779,0
1,347,0.0115995965898036,0.1483028829097747,1
2,363,0.0154840527102351,0.2584439814090729,0
3,852,0.0008714798022992,4.905334949493408,1
