,index,emd_ani_sal,emd_ani_gaze,label
0,311,0.2287338376045227,1.9761768579483032,0
1,1270,0.0542861968278884,0.0435218438506126,1
2,1289,0.0307928100228309,0.8080773949623108,0
3,1867,0.0469614565372467,0.073908545076847,1
4,1887,0.0626196712255477,0.0134412627667188,0
5,3952,0.3529778718948364,0.0779981538653373,1
6,3972,0.3439115881919861,0.1365247070789337,0
7,5376,0.5312607884407043,0.0124520221725106,1
