,index,emd_ani_sal,emd_ani_gaze,label
0,385,0.0678768903017044,2.053231954574585,0
1,1221,0.0437829568982124,1.5792473554611206,1
