,index,emd_ani_sal,emd_ani_gaze,label
0,312,0.0272418353706598,7.663702487945557,0
1,1927,0.0031431529205292,0.2925694286823272,1
2,1943,0.0031204272527247,0.689344048500061,0
3,4766,0.0151542928069829,0.4349871575832367,1
