,index,emd_ani_sal,emd_ani_gaze,label
0,92,0.0704598724842071,3.244712829589844,0
1,240,0.005068783648312,0.548391580581665,1
2,257,0.005680832080543,1.490389704704285,0
3,688,0.081985980272293,0.0010284056188538,1
4,704,0.1047359704971313,0.2125848680734634,0
5,1683,0.0214118510484695,0.411100685596466,1
6,1697,0.0056185321882367,1.5007249116897583,0
7,2610,0.0005141409346833,0.0604013800621032,1
8,2626,0.0034792784135788,0.0031277856323868,0
9,2978,0.3275545537471771,0.0604651272296905,1
10,2995,0.2070259898900985,2.054042100906372,0
11,4677,0.0774138867855072,0.0846736058592796,1
