,index,emd_ani_sal,emd_ani_gaze,label
0,128,0.1148649007081985,3.141131401062012,0
1,1064,0.1085446253418922,0.0001707891642581,1
2,1081,0.1219725757837295,0.0007223318098112,0
3,4458,0.0791736394166946,0.0741532146930694,1
4,4475,0.0673058927059173,0.9341466426849364,0
5,5354,0.1047155484557151,0.1528124809265136,1
6,5371,0.1193915009498596,0.0954872965812683,0
7,5681,0.06832205504179,1.0600719451904297,1
