,index,emd_ani_sal,emd_ani_gaze,label
0,311,0.0330333113670349,2.133840560913086,0
1,1775,0.0063112857751548,0.7501310110092163,1
2,1790,0.0137418778613209,0.2589080035686493,0
3,3140,0.006216324865818,0.7703815698623657,1
4,3155,0.0,0.4916260838508606,0
5,4137,0.013530109077692,0.1578867435455322,1
6,4152,0.0092131244018673,0.0213311798870563,0
7,4568,0.2063517570495605,0.6783586144447327,1
