,index,emd_ani_sal,emd_ani_gaze,label
0,136,0.4953940212726593,2.778271198272705,0
1,5156,0.0003579602343961,1.2776453495025637,1
2,5170,0.0007504873210564,0.0983405411243438,0
3,5942,0.0481722615659236,0.1195570528507232,1
