,index,emd_ani_sal,emd_ani_gaze,label
0,257,0.0133676845580339,3.0690176486968994,0
1,557,0.0056285136379301,0.263275146484375,1
2,569,0.0004129729350097,0.3152603805065155,0
3,3496,0.0082748234272003,0.4609488546848297,1
4,3507,0.0101424241438508,0.4560121595859527,0
5,4447,0.0045471610501408,1.6590830087661743,1
