,index,emd_ani_sal,emd_ani_gaze,label
0,118,0.0159360617399215,3.073944091796875,0
1,1208,0.014087819494307,3.5680577754974365,1
2,1223,0.0079445037990808,0.5877218842506409,0
3,5167,0.0876451134681701,0.0967468321323394,1
4,5182,0.1351732909679412,0.0183393452316522,0
5,6199,0.0394470021128654,0.4779267609119415,1
6,6212,0.0206523649394512,0.6940110325813293,0
7,6749,0.0305387526750564,0.4048347473144531,1
8,6767,0.0218315161764621,0.5068372488021851,0
9,7862,0.0036479651462286,0.6939763426780701,1
10,7877,0.0171780958771705,0.4559749066829681,0
11,9109,0.0323036164045333,0.8149885535240173,1
12,9122,0.0228184312582016,0.6740487217903137,0
13,10878,0.0089796939864754,0.0606380067765712,1
