,index,emd_ani_sal,emd_ani_gaze,label
0,104,0.1456859409809112,1.2539148330688477,0
1,3173,0.0841949060559272,2.021889925003052,1
