,index,emd_ani_sal,emd_ani_gaze,label
0,244,0.0434916988015174,4.2634358406066895,0
1,1737,0.0832936242222786,0.8706958889961243,1
2,1750,0.0535293519496917,1.0512609481811523,0
3,9477,0.0128453439101576,0.4300801157951355,1
4,9487,0.0107157686725258,0.4059315323829651,0
5,12701,0.0136013720184564,0.1606698036193847,1
