,index,emd_ani_sal,emd_ani_gaze,label
0,178,0.0232490021735429,2.2673580646514893,0
1,6107,0.0150605542585253,0.116827555000782,1
2,6126,0.0172168537974357,0.190477505326271,0
3,7894,0.0460438430309295,5.568784236907959,1
