,index,emd_ani_sal,emd_ani_gaze,label
0,317,0.0209198761731386,1.6244457960128784,0
1,4682,0.0057675135321915,0.1567298769950866,1
