,index,emd_ani_sal,emd_ani_gaze,label
0,320,0.0016398938605561,3.554415464401245,0
1,24013,0.0269772205501794,4.278757095336914,1
