,index,emd_ani_sal,emd_ani_gaze,label
0,360,0.1532578617334365,5.488343238830566,0
1,3063,0.0451804921030998,5.218636989593506,1
2,3074,0.0093963937833905,3.941781520843506,0
3,3077,0.0207066033035516,4.381073474884033,1
