,index,emd_ani_sal,emd_ani_gaze,label
0,282,0.1287155002355575,2.1308889389038086,0
1,652,0.0764100477099418,0.7053512930870056,1
