,index,emd_ani_sal,emd_ani_gaze,label
0,187,0.0341042764484882,7.945676803588867,0
1,1571,0.1733409464359283,5.910650730133057,1
2,1589,0.2659773826599121,5.908989429473877,0
3,3200,0.0524997264146804,2.390846967697144,1
4,3222,0.0291775241494178,5.158534526824951,0
5,3578,0.0339315943419933,0.6991808414459229,1
6,3594,0.0700386688113212,0.6979712247848511,0
7,4527,0.1128010675311088,0.014598885551095,1
