,index,emd_ani_sal,emd_ani_gaze,label
0,205,0.6337535381317139,7.091647624969482,0
1,853,0.171370729804039,6.366090774536133,1
2,867,0.0913041606545448,6.757708549499512,0
3,1184,0.0763105526566505,2.9389185905456543,1
4,1201,0.0973577797412872,3.3867921829223637,0
5,2669,0.0672645047307014,14.032840728759766,1
