,index,emd_ani_sal,emd_ani_gaze,label
0,229,0.1444120556116104,3.2573564052581787,0
1,1027,0.0738585144281387,0.0504676699638366,1
2,1043,0.5079838633537292,0.3871189057826996,0
3,1952,0.1379845887422561,1.328692078590393,1
4,1971,0.0781642943620681,0.6090160012245178,0
5,2800,0.0417011193931102,1.1120398044586182,1
