,index,emd_ani_sal,emd_ani_gaze,label
0,136,0.1347072273492813,0.5944568514823914,0
1,3105,0.0912715196609497,1.0761938095092771,1
2,3121,0.0454628020524978,1.0842595100402832,0
3,3646,0.103215716779232,0.3914538919925689,1
4,3664,0.1359946280717849,0.0036174564156681,0
5,4382,0.0262475628405809,7.281933307647705,1
