,index,emd_ani_sal,emd_ani_gaze,label
0,179,0.0644604638218879,2.239401340484619,0
1,754,0.037870854139328,1.3027403354644775,1
2,769,0.0152559028938412,1.1535682678222656,0
3,1181,0.0216490123420953,0.4189216792583465,1
4,1194,0.0281590074300766,0.4334592819213867,0
5,3029,0.2370030432939529,2.331009149551392,1
