,index,emd_ani_sal,emd_ani_gaze,label
0,318,0.5211225748062134,0.2099336385726928,0
1,470,0.1718965619802475,0.0329524874687194,1
2,489,0.0617839731276035,0.3470227420330047,0
3,1057,0.8464648723602295,4.163031101226807,1
4,1075,0.2235714793205261,1.4147262573242188,0
5,1839,0.4927562773227691,0.0528178103268146,1
6,1856,0.2073498368263244,0.0022524897940456,0
7,5190,0.0937999263405799,7.161923885345459,1
8,5214,0.0640719011425972,6.35096549987793,0
9,5926,0.827095627784729,0.22270567715168,1
10,6271,0.9098207354545592,3.121114730834961,0
11,7036,0.8185170888900757,2.11740517616272,1
12,7262,0.4890823066234588,1.6894707679748535,0
13,7680,0.0733900740742683,0.0602499097585678,1
14,7698,0.0654900893568992,0.2105521559715271,0
15,8656,0.0174151845276355,6.341530799865723,1
