,index,emd_ani_sal,emd_ani_gaze,label
0,84,0.0318133495748043,4.92358922958374,0
1,7242,0.0636111795902252,6.20457935333252,1
