,index,emd_ani_sal,emd_ani_gaze,label
0,418,0.2449748218059539,1.7762024402618408,0
1,945,0.1558989584445953,0.0097858253866434,1
2,965,0.0762813612818718,0.1129008904099464,0
3,1621,0.0221380367875099,0.6127021908760071,1
4,1636,0.0281443484127521,1.329683542251587,0
5,2968,0.0020179708953946,0.9107252955436708,1
