,index,emd_ani_sal,emd_ani_gaze,label
0,378,0.5498331785202026,1.295783281326294,0
1,1763,1.0072304010391235,2.23154091835022,1
2,1778,1.7446653842926023,2.269209146499634,0
3,3358,0.0546078830957412,1.2279154062271118,1
