,index,emd_ani_sal,emd_ani_gaze,label
0,283,0.1030617356300354,1.5989487171173096,0
1,396,0.0848726034164428,0.4747888147830963,1
2,411,0.1862602680921554,0.0321903377771377,0
3,2210,0.0522245392203331,1.5829132795333862,1
