,index,emd_ani_sal,emd_ani_gaze,label
0,313,0.0090974988415837,3.0458078384399414,0
1,3133,0.0532542765140533,1.102941870689392,1
2,3145,0.0638880133628845,0.4091053605079651,0
3,7847,0.0408985838294029,0.8495534658432007,1
4,7859,0.0030087474733591,0.052218347787857,0
5,10973,0.0161757059395313,0.4459677040576935,1
