,index,emd_ani_sal,emd_ani_gaze,label
0,376,0.1601244360208511,2.3957552909851074,0
1,936,0.4212123453617096,0.5363301634788513,1
2,944,0.1602364927530288,0.2101495563983917,0
3,2154,0.0034948172979056,0.0138430381193757,1
4,2164,0.0012913832906633,1.012230396270752,0
5,3194,0.0402803868055343,0.6177248358726501,1
6,3204,0.009824015200138,0.1804277747869491,0
7,3930,0.0200147926807403,0.4010923206806183,1
