,index,emd_ani_sal,emd_ani_gaze,label
0,215,0.3856437504291534,1.941394329071045,0
1,318,0.3544362485408783,2.377909822826041e-06,1
2,328,0.0549660250544548,0.1253882050514221,0
3,698,0.2234641015529632,0.2456521391868591,1
4,709,0.0,0.0150047354400157,0
5,1024,0.1767204850912094,0.5916628241539001,1
6,1033,0.0733199119567871,0.7108120322227478,0
7,1520,0.2502545118331909,0.695347249507904,1
8,1531,0.1408603936433792,-1.4668493349745404e-05,0
9,2653,0.3341250121593475,0.1037984266877174,1
10,2663,0.220342755317688,0.2312106490135193,0
11,3151,1.1935052871704102,0.2761978209018707,1
12,3162,0.1613758355379104,0.5295331478118896,0
13,3577,0.0469026118516922,1.991330862045288,1
14,3588,0.0344188921153545,0.630909264087677,0
15,4059,0.2333147078752517,2.0940069589414637e-05,1
16,4069,0.0064560398459434,0.1318515986204147,0
17,4382,0.0774683803319931,0.9336678385734558,1
18,4393,0.0833472907543182,0.4441934525966644,0
19,4798,0.0201387144625186,1.9387538433074951,1
