,index,emd_ani_sal,emd_ani_gaze,label
0,346,0.2885098457336426,1.8268986940383911,0
1,2385,0.0201301053166389,0.7099618315696716,1
2,2391,0.001451201387681,1.316014528274536,0
3,3220,0.0674640089273452,0.3076229095458984,1
4,3230,0.0189455412328243,1.5346635580062866,0
5,16221,0.0344137325882911,0.6268169283866882,1
