,index,emd_ani_sal,emd_ani_gaze,label
0,406,0.4936090409755707,1.0603573322296145,0
1,492,0.003683925839141,0.1774535924196243,1
2,502,0.0063418480567634,0.0863177925348281,0
3,964,0.0224867910146713,0.9461168050765992,1
4,974,0.0101070431992411,1.5324782133102417,0
5,1425,0.0327648036181926,0.509985089302063,1
6,1435,0.0166108720004558,1.219102144241333,0
7,1846,0.0373929627239704,0.2712794542312622,1
8,1856,0.0501033440232276,0.0882646068930625,0
9,2224,0.0178466644138097,0.8768307566642761,1
10,2234,0.0026617415715008,0.3137102127075195,0
11,2541,0.0496852025389671,1.477321743965149,1
12,2551,0.0349639281630516,0.2058919966220855,0
13,2953,0.015331607311964,5.153975009918213,1
14,2964,0.0178816802799701,0.968795120716095,0
15,3198,0.2412141561508178,0.3702306449413299,1
16,3210,0.0986638367176055,1.4764617681503296,0
17,3747,0.0985515788197517,0.4928273856639862,1
18,3757,0.1313628107309341,0.0080551486462354,0
19,4261,0.0098422514274716,7.941090583801269,1
