,index,emd_ani_sal,emd_ani_gaze,label
0,192,0.1869522780179977,1.1185966730117798,0
1,943,0.0144865391775965,0.5116458535194397,1
2,953,0.0075311018154025,3.528656691287324e-07,0
3,1251,0.0498308055102825,0.0029109702445566,1
4,1261,0.0523924715816974,0.133947268128395,0
5,1629,0.129997044801712,1.0563312768936155,1
6,1640,0.0147525807842612,0.853441059589386,0
7,6969,0.0296276770532131,0.8010497689247131,1
8,6980,0.0035661170259118,-1.2614214028872084e-05,0
9,7832,0.1128302291035652,1.1774508234738137e-12,1
10,7842,0.2144490480422973,5.622398475679802e-07,0
11,8246,0.0069856257177889,1.538496732711792,1
12,8259,0.0035772004630416,0.7965050339698792,0
13,8658,0.0672868639230728,1.8673628568649288,1
14,8670,0.0092267729341983,1.1188714504241943,0
15,9012,0.0535412989556789,1.1511430740356443,1
16,9025,0.0119676683098077,0.7941018342971802,0
17,9906,0.1870324313640594,0.3252339363098144,1
18,9917,0.1231437399983406,0.2551775872707367,0
19,10377,0.0464021787047386,0.0913600251078605,1
20,10388,0.02914310246706,0.3926759958267212,0
21,11802,0.0075084082782268,0.2661080360412597,1
22,11812,0.0585171580314636,0.2190829068422317,0
23,12633,0.2570422887802124,0.8870624899864197,1
24,12644,0.0103394296020269,0.0020089240279048,0
25,16304,0.0,0.1558382362127304,1
26,16314,0.0168811473995447,0.0081193344667553,0
27,17261,0.4546995759010315,0.128522902727127,1
