,index,emd_ani_sal,emd_ani_gaze,label
0,224,0.0469267517328262,4.033818244934082,0
1,3356,0.0497594624757766,2.8989062309265137,1
2,3366,0.0169016029685735,0.9630340337753296,0
3,4576,0.0018067163182422,0.241936594247818,1
4,4586,0.0038346720393747,1.898623824119568,0
5,6446,0.1465589255094528,0.5246571898460388,1
6,6457,0.0073480200953781,3.284831047058105,0
7,6744,0.0748735517263412,0.1487841010093689,1
8,6755,0.0095853200182318,0.6890166997909546,0
9,7002,0.1444472223520279,0.2962035238742828,1
10,7012,0.2084650546312332,0.180001214146614,0
11,7443,0.0806525126099586,0.2702745795249939,1
12,7452,0.0348865874111652,0.5061507225036621,0
13,7846,0.0184350721538066,0.1731322854757309,1
