,index,emd_ani_sal,emd_ani_gaze,label
0,383,0.2946244478225708,1.752372980117798,0
1,571,0.0307137425988912,0.3085308074951172,1
2,580,0.2088533341884613,0.2043809294700622,0
3,1084,0.5420702695846558,0.6446893215179443,1
4,1094,0.0658537000417709,0.3155235350131988,0
5,1468,0.0907641425728797,0.1725398898124694,1
6,1480,0.0584553517401218,0.2903734743595123,0
7,1821,0.0026206905022263,0.0017440096708014,1
8,1830,0.0181608013808727,0.7160409092903137,0
9,2516,1.7207804918289185,2.2380564212799072,1
10,2525,2.4249579906463623,2.351055383682251,0
11,3058,0.0215378068387508,0.2759214043617248,1
12,3069,0.0423409976065158,0.2494744509458542,0
13,3364,0.00072149123298,4.46757698059082,1
14,3374,0.0002494708460289,0.9080362915992736,0
15,3938,0.4395486414432525,0.0825712755322456,1
16,3947,0.1303978264331817,0.2531152069568634,0
17,4410,0.2426900416612625,0.5034575462341309,1
18,4420,0.0986706763505935,0.3039200603961944,0
19,5074,0.6427332758903503,0.4611042141914367,1
20,5085,0.4330940544605255,0.1066094934940338,0
21,5438,0.1233832836151123,6.708889007568359,1
22,5448,0.0322365574538707,1.9654686450958248,0
23,7700,0.076018288731575,0.1615120768547058,1
24,7710,0.0017993012443184,2.1953751172532066e-07,0
25,8312,0.0144620779901742,2.0468108654022217,1
26,8322,0.0092929136008024,3.005112171173096,0
27,8829,0.0192198771983385,2.01031756401062,1
28,8840,0.0132684782147407,0.4304828345775604,0
29,9132,0.1244007274508476,1.4912558794021606,1
