,index,emd_ani_sal,emd_ani_gaze,label
0,129,0.0590515546500682,6.790866374969482,0
1,260,0.0640917271375656,0.4547573328018188,1
2,270,0.0376132167875766,0.3150950372219085,0
3,890,0.0094195362180471,3.139946699142456,1
4,900,0.0059313629753887,1.6473475694656372,0
5,1264,0.0,1.204813838005066,1
6,1275,0.0,0.1588342040777206,0
7,2238,0.0106194363906979,1.0844162702560425,1
8,2248,0.0109655456617474,0.6002166867256165,0
9,3515,0.0096758743748068,3.6054470539093018,1
10,3525,0.0783352926373481,0.8105959296226501,0
11,3801,0.0189186707139015,0.0806620270013809,1
12,3811,0.0416792519390583,0.1645826399326324,0
13,4137,0.0209149979054927,1.1811496019363403,1
14,4147,0.0071141212247312,0.6552280187606812,0
15,4422,0.0308400690555572,0.0983804017305374,1
