,index,emd_ani_sal,emd_ani_gaze,label
0,119,0.0362783372402191,2.38551664352417,0
1,4413,0.0461695194244384,3.027707099914551,1
2,4430,0.0740977898240089,3.5575919151306152,0
3,4693,0.0258234087377786,1.8617042303085327,1
4,4709,0.0244598370045423,2.3511202335357666,0
5,5846,0.0398459695279598,1.55018413066864,1
6,5858,0.0305415112525224,1.4187716245651243,0
7,6272,0.0076536508277058,2.482175588607788,1
8,6288,0.0163933522999286,2.4201831817626958,0
9,6634,0.6597373485565186,0.9095544219017028,1
