,index,emd_ani_sal,emd_ani_gaze,label
0,307,0.0211471579968929,5.834651470184326,0
1,2666,0.0808279439806938,0.7673545479774475,1
2,2678,0.0451629906892776,0.7138220071792603,0
3,3764,0.0161225590854883,1.9984891414642332,1
