,index,emd_ani_sal,emd_ani_gaze,label
0,153,0.0022439551539719,3.2169859409332275,0
1,4279,0.0209808591753244,2.2192065715789795,1
2,4295,0.0110247656702995,2.600775957107544,0
3,5667,0.0486718155443668,3.209855318069458,1
4,5686,0.0467618182301521,1.9268382787704468,0
5,6530,0.0524297021329402,0.5114691853523254,1
