,index,emd_ani_sal,emd_ani_gaze,label
0,151,0.0035257213748991,4.729530811309815,0
1,468,0.0125529523938894,1.9312893152236936,1
2,484,0.0179923474788665,2.1196131706237797,0
3,3416,0.0464158467948436,2.3062305450439453,1
4,3432,0.0111139975488185,2.328869581222534,0
5,4020,0.1652809828519821,0.8174846172332764,1
