,index,emd_ani_sal,emd_ani_gaze,label
0,171,0.2326024919748306,2.452871084213257,0
1,1063,0.0032968940213322,2.595186471939087,1
2,1078,0.002626793924719,3.573047876358032,0
3,1551,0.0044139064848423,4.034013748168945,1
4,1566,0.002872958080843,4.832076072692871,0
5,1909,0.0036839700769633,2.565746784210205,1
6,1923,0.0032715550623834,2.740060806274414,0
7,2877,0.1068494692444801,2.5357882976531982,1
8,2890,0.0697725638747215,2.357682704925537,0
9,3670,0.0066367085091769,1.0301930904388428,1
