,index,emd_ani_sal,emd_ani_gaze,label
0,85,0.0848151519894599,4.297663688659668,0
1,299,0.0428014136850833,1.2648828029632568,1
2,315,0.0296246223151683,1.3562448024749756,0
3,2257,0.2077734321355819,1.913607835769653,1
