,index,emd_ani_sal,emd_ani_gaze,label
0,204,0.0091748367995023,7.694645404815674,0
1,3007,0.0018353330669924,1.7773464918136597,1
2,3023,0.0235401224344968,1.8614482879638672,0
3,4981,0.1297178119421005,1.396855115890503,1
4,4997,0.0456870310008525,2.632643222808838,0
5,9116,0.001708558644168,2.6439456939697266,1
6,9130,0.0029966060537844,1.7097439765930176,0
7,9837,0.1471653431653976,0.6733322739601135,1
8,9853,0.0718941763043403,1.6521189212799072,0
9,16609,6.80643497616984e-05,1.7091418504714966,1
