,index,emd_ani_sal,emd_ani_gaze,label
0,153,1.0062278509140017,1.0018562078475952,0
1,1761,0.0642870143055915,1.4206621646881104,1
2,1777,0.030197212472558,2.318073511123657,0
3,3047,0.0125069478526711,3.409810781478882,1
4,3063,0.0179502516984939,3.111273288726806,0
5,7038,0.1644178926944732,2.572282314300537,1
