,index,emd_ani_sal,emd_ani_gaze,label
0,208,0.0378511473536491,3.5676727294921875,0
1,266,0.0575134120881557,3.2886300086975098,1
2,281,0.0622329227626323,1.450283169746399,0
3,2481,0.0470657236874103,1.3167721033096311,1
4,2495,0.0262090843170881,1.3465447425842283,0
5,4051,0.1719855815172195,2.58053994178772,1
