,index,emd_ani_sal,emd_ani_gaze,label
0,271,0.1653492599725723,4.322405815124512,0
1,355,0.1727095544338226,1.1604794263839722,1
2,371,0.1648404598236084,1.480327606201172,0
3,1300,0.0354275964200496,5.652944564819336,1
4,1316,0.0055143455974757,8.1332426071167,0
5,2243,0.0,1.5071405172348022,1
