,index,emd_ani_sal,emd_ani_gaze,label
0,171,0.075637899339199,3.3944203853607178,0
1,1435,0.0084112612530589,1.7283929586410522,1
2,1449,0.0068782679736614,1.6358635425567627,0
3,2039,0.2482588589191436,1.2595667839050293,1
4,2053,0.1041535064578056,1.492196559906006,0
5,2704,0.0011333205038681,0.9987215995788574,1
6,2719,0.0011812670854851,0.888425886631012,0
7,4070,0.0593114830553531,2.261279344558716,1
