,index,emd_ani_sal,emd_ani_gaze,label
0,284,0.0677383542060852,4.528018951416016,0
1,403,0.0366281010210514,3.465101718902588,1
2,415,0.0443592816591262,0.3908672034740448,0
3,5570,0.0651303678750991,1.1784571409225464,1
4,5583,0.0728177204728126,0.1077455580234527,0
5,6775,0.0519396364688873,0.3701305687427521,1
