,index,emd_ani_sal,emd_ani_gaze,label
0,256,0.6459824442863464,1.4330261945724487,0
1,2930,0.333171546459198,0.1577866524457931,1
2,2943,0.6922690272331238,0.1380804032087326,0
3,3962,0.1746264547109604,0.0785224661231041,1
4,3974,0.2358698397874832,0.0528379417955875,0
5,7785,0.0425893664360046,0.4731731712818146,1
6,7795,0.0326649956405162,0.2929569184780121,0
7,8661,0.0142531991004943,0.0286201387643814,1
