,index,emd_ani_sal,emd_ani_gaze,label
0,375,0.0538651086390018,7.568037986755371,0
1,4979,0.0795771852135658,0.1867949813604354,1
2,4991,0.0240913815796375,0.1170293092727661,0
3,5592,0.0217051785439252,0.2610973417758941,1
4,5604,0.0162386801093816,0.2627978026866913,0
5,7269,0.1159034967422485,0.1727514863014221,1
6,7281,0.1504065990447998,0.2625544965267181,0
7,7700,0.2345104664564132,0.6359994411468506,1
8,7713,0.1540078669786453,0.4662435948848724,0
9,8121,0.2738305330276489,0.198499321937561,1
10,8133,0.1339188814163208,0.250571995973587,0
11,8524,0.0230939667671918,0.8929749727249146,1
