,index,emd_ani_sal,emd_ani_gaze,label
0,345,0.0191139318048954,1.9309202432632449,0
1,12646,0.0587607286870479,2.615783452987671,1
