,index,emd_ani_sal,emd_ani_gaze,label
0,317,0.0126808620989322,5.149419784545898,0
1,3952,0.0346593670547008,3.5866804122924805,1
2,3962,0.0323543772101402,4.595951080322266,0
3,6995,0.2077053487300872,0.4932148158550262,1
4,7006,0.1042313352227211,0.2896530926227569,0
5,7750,0.0366554073989391,5.1342549324035645,1
