,index,emd_ani_sal,emd_ani_gaze,label
0,375,0.0477195940911769,5.040126800537109,0
1,4069,0.0612161718308925,0.3887690901756286,1
