,index,emd_ani_sal,emd_ani_gaze,label
0,294,0.4621065258979797,2.0803494453430176,0
1,5673,0.024430688470602,5.594602584838867,1
