,index,emd_ani_sal,emd_ani_gaze,label
0,209,0.0217179618775844,1.2554059028625488,0
1,2590,0.0045483564026653,0.1047596782445907,1
