,index,emd_ani_sal,emd_ani_gaze,label
0,284,0.0071877497248351,4.470947265625,0
1,384,0.0016336602857336,1.5538463592529297,1
2,394,0.0024769136216491,1.1480469703674316,0
3,1946,0.0229912027716636,0.9240487217903136,1
4,1956,0.0221676807850599,0.9615201950073242,0
5,2876,0.0063276677392423,1.2255877256393433,1
6,2887,0.0033657667227089,1.385722517967224,0
7,3724,0.170826181769371,3.4100656509399414,1
8,3741,0.1339206248521804,3.813835859298706,0
9,4186,0.0020580098498612,0.5789012312889099,1
10,4200,0.0417788662016391,0.7004666924476624,0
11,5110,0.0141879878938198,0.7728583216667175,1
12,5124,0.0130091831088066,0.7436609268188477,0
13,5966,0.049974825233221,1.307883858680725,1
14,5977,0.0467279031872749,0.9604345560073853,0
15,6256,0.0557594336569309,0.8545224070549011,1
16,6270,0.0642580986022949,2.4084300994873047,0
17,8233,0.1365480124950409,0.0336915515363216,1
18,8249,0.0754739716649055,0.0007794076809659,0
19,9630,0.0038812854327261,0.3796025514602661,1
