,index,emd_ani_sal,emd_ani_gaze,label
0,164,0.0,4.149950981140137,0
1,7798,0.0134276775643229,0.0065572736784815,1
2,7813,0.042707934975624,1.423789143562317,0
3,8416,0.1034010723233223,0.8772682547569275,1
4,8430,0.0738559886813163,1.015679955482483,0
5,8956,0.1684587448835373,0.9349063038825988,1
6,8969,0.1728782206773758,0.0269490182399749,0
7,9364,0.017150605097413,2.220484972000122,1
