,index,emd_ani_sal,emd_ani_gaze,label
0,396,0.0409270301461219,6.350495338439941,0
1,1769,0.0109301069751381,0.6039682626724243,1
