,index,emd_ani_sal,emd_ani_gaze,label
0,402,0.0045202998444437,5.887998104095459,0
1,618,0.0081713618710637,0.4330799281597137,1
2,628,0.0043423175811767,0.5935722589492798,0
3,2325,0.1189966946840286,1.244209051132202,1
4,2340,0.3438715040683746,1.349262833595276,0
5,2923,0.0307280793786048,0.6228744387626648,1
6,2934,0.0361597165465354,0.5391299724578857,0
7,6937,0.0,8.52897834777832,1
