,index,emd_ani_sal,emd_ani_gaze,label
0,126,0.0145172458142042,3.760995626449585,0
1,1590,0.9904355406761168,1.9273334928016084e-08,1
