,index,emd_ani_sal,emd_ani_gaze,label
0,138,0.0688813552260398,6.716039180755615,0
1,867,0.0610259920358657,0.34751757979393,1
2,881,0.0285622775554656,0.499107152223587,0
3,1754,0.1199118122458458,0.8711048364639282,1
