,index,emd_ani_sal,emd_ani_gaze,label
0,187,0.0,6.007047653198242,0
1,301,0.0653115138411521,0.3315743505954742,1
2,319,0.0330995097756385,1.023039698600769,0
3,7536,0.039408653974533,0.2185906618833542,1
4,7553,0.0304168742150068,0.5700656175613403,0
5,8248,0.0643751323223114,0.5928925275802612,1
6,8265,0.039784301072359,0.4022638201713562,0
7,8813,0.0,1.5939782857894895,1
