,index,emd_ani_sal,emd_ani_gaze,label
0,288,0.0076158503070473,4.472348690032959,0
1,1127,0.0081707062199711,0.8283223509788513,1
2,1145,0.011644484475255,1.0143053531646729,0
3,1604,0.0066923508420586,0.2883739173412323,1
4,1618,0.0076008620671927,0.2836449444293976,0
5,2266,0.2025228440761566,0.1167311370372772,1
6,2282,0.2564311325550079,0.4902331233024597,0
7,4133,0.0032850177958607,0.4501358866691589,1
