,index,emd_ani_sal,emd_ani_gaze,label
0,370,0.5759825110435486,1.2293648719787598,0
1,2023,0.1507492512464523,0.240825280547142,1
2,2039,0.2237344235181808,0.3559221923351288,0
3,5551,0.0740446299314498,1.5142078399658203,1
4,5567,0.0961909070611,4.538831233978272,0
5,5930,0.0287900418043136,0.4934820532798767,1
6,5948,0.0539522878825664,0.543490469455719,0
7,6717,0.0003799543774221,2.045728921890259,1
8,6735,0.00446836091578,0.3825733065605163,0
9,8657,0.1473776996135711,0.4702364802360534,1
