,index,emd_ani_sal,emd_ani_gaze,label
0,372,1.2016444206237793,1.4241360425949097,0
1,2026,0.6480026245117188,0.1176164373755455,1
2,2045,0.7247448563575745,0.1575642675161361,0
3,2782,0.0448796488344669,0.5668484568595886,1
4,2798,0.1026022583246231,0.6461296677589417,0
5,4317,0.3136563897132873,0.1530651599168777,1
6,4334,0.3763302266597748,0.1715658754110336,0
7,7397,0.0021317354403436,0.390190988779068,1
