,index,emd_ani_sal,emd_ani_gaze,label
0,191,0.0984072089195251,4.94008731842041,0
1,520,0.1553821414709091,0.1059133410453796,1
2,537,0.0776218399405479,4.205509662628174,0
3,1514,1.3042913675308228,1.200952172279358,1
4,1531,1.864450216293335,1.1624001264572144,0
5,2547,0.060511328279972,0.2180458903312683,1
6,2566,0.0235745534300804,1.2890748977661133,0
7,4639,0.1612360179424286,0.5177224278450012,1
8,4653,0.1409679502248764,3.305199384689331,0
9,7035,0.1280780285596847,0.3405203223228454,1
10,7054,0.1919436007738113,5.708277225494385,0
11,10283,0.1214229390025138,1.269169807434082,1
