,index,emd_ani_sal,emd_ani_gaze,label
0,245,1.322559833526611,1.3962875604629517,0
1,1925,0.0083310324698686,3.191835165023804,1
2,1938,0.0106682116165757,0.6949838995933533,0
3,3989,0.2251103669404983,0.8262947201728821,1
4,4007,0.1535830944776535,0.8962507843971252,0
5,4896,0.1983851194381714,0.9357090592384338,1
6,4911,0.1557547003030777,1.2486263513565063,0
7,7150,0.1025358065962791,8.788385391235352,1
