,index,emd_ani_sal,emd_ani_gaze,label
0,314,1.414531707763672,1.5542441606521606,0
1,5297,0.0166111644357442,0.8433340787887573,1
2,5312,0.0113474782556295,0.8986034393310547,0
3,8117,0.2380566298961639,6.278475761413574,1
