,index,emd_ani_sal,emd_ani_gaze,label
0,110,0.3405329585075378,2.902747869491577,0
1,1581,0.1488878428936004,3.2570269107818604,1
2,1593,0.6109676361083984,0.8481810688972473,0
3,3357,0.0168130174279212,1.009596586227417,1
