,index,emd_ani_sal,emd_ani_gaze,label
0,301,0.0078273955732584,4.872018337249756,0
1,318,0.0024824228603392,4.782476902008057,1
2,332,0.0,1.451512098312378,0
3,2589,0.1266837269067764,4.807713508605957,1
4,2604,0.0616223812103271,5.083006381988525,0
5,4746,0.1146230921149253,0.6051197052001953,1
6,4758,0.0750469639897346,0.842112123966217,0
7,5148,0.0175815299153327,2.2312731742858887,1
