,index,emd_ani_sal,emd_ani_gaze,label
0,316,0.0911769419908523,0.008657768368721,0
1,4510,0.0510713085532188,3.320866107940674,1
