,index,emd_ani_sal,emd_ani_gaze,label
0,250,0.6625282168388367,1.3579798936843872,0
1,2532,0.0226175617426633,1.4777765274047852,1
2,2543,0.0379518084228038,1.7151806354522705,0
3,3095,0.1965502351522445,1.27398943901062,1
4,3108,0.1847580522298813,1.7025268077850342,0
5,5766,0.0117407590150833,2.090620121464326e-08,1
6,5781,0.0332172513008117,1.9834417344100075e-06,0
7,7063,0.0020047691650688,0.2881805598735809,1
8,7077,0.0002614745462778,0.2151367664337158,0
9,8788,0.378613531589508,0.5043390393257141,1
