,index,emd_ani_sal,emd_ani_gaze,label
0,221,0.0391424484550952,3.165601968765259,0
1,4363,0.0265117920935153,0.103998877108097,1
2,4377,0.0325815714895725,1.4244033098220823,0
3,7167,0.2243683487176895,0.4772157073020935,1
4,7181,0.1016909331083297,0.5330417156219482,0
5,7581,0.5153305530548096,0.3083881437778473,1
6,7594,0.6305927038192749,1.6490986347198486,0
7,8172,0.9172790050506592,7.446174276992679e-05,1
8,8186,0.5019150972366333,-5.863998012500815e-06,0
9,8646,0.027223739773035,1.7642878293991089,1
10,8662,0.041392121464014,1.2182071208953855,0
11,9840,0.0893852338194847,0.0880756750702858,1
