,index,emd_ani_sal,emd_ani_gaze,label
0,295,0.7424958944320679,1.556118130683899,0
1,3990,0.0069134999066591,1.0119191408157349,1
