,index,emd_ani_sal,emd_ani_gaze,label
0,365,0.2218722701072693,2.605372190475464,0
1,4864,0.0364605374634265,4.150248050689697,1
2,4877,0.0511459410190582,4.1533684730529785,0
3,10702,0.4279248714447021,2.063173532485962,1
4,10716,0.430400550365448,5.901373386383057,0
5,12425,0.0021999087184667,5.765061378479004,1
6,12438,0.0056364284828305,5.438750743865967,0
7,17863,0.121494323015213,1.2725162506103516,1
