,index,emd_ani_sal,emd_ani_gaze,label
0,235,0.3915148675441742,2.2656090259552,0
1,1849,0.7789509892463684,0.0062753334641456,1
2,1863,1.8395872116088867,-3.062089945160551e-06,0
3,6138,0.3918752074241638,0.3752789497375488,1
4,6152,0.3392654955387115,0.4707152545452118,0
5,6401,0.044282179325819,3.4611611366271973,1
