,index,emd_ani_sal,emd_ani_gaze,label
0,295,0.8668401837348938,1.631820797920227,0
1,12466,0.214865580201149,6.7330322265625,1
