,index,emd_ani_sal,emd_ani_gaze,label
0,157,0.0195180885493755,3.1508090496063232,0
1,1717,0.0152056887745857,5.907404899597168,1
2,1731,0.0191293340176343,0.769195020198822,0
3,4013,0.0558684132993221,1.0589910745620728,1
