,index,emd_ani_sal,emd_ani_gaze,label
0,369,0.3801226913928985,2.354753017425537,0
1,395,0.1133740097284317,2.1836955547332764,1
2,404,0.082180231809616,0.3531056046485901,0
3,738,0.0076766186393797,0.024545956403017,1
4,1167,0.0129017671570181,5.769851207733154,0
5,1203,0.0222937408834695,2.6396260261535645,1
6,1218,0.0092236008495092,1.4090099334716797,0
7,1570,0.0105813583359122,0.562667191028595,1
8,1580,0.0057966453023254,0.5216014981269836,0
9,2134,0.030391838401556,0.0330192521214485,1
10,2145,0.0012779448879882,0.0111613441258668,0
11,2381,0.0015952422982081,0.8977265357971191,1
12,2391,0.0067293965257704,1.3445382118225098,0
13,2797,0.0127414185553789,0.3894205689430237,1
14,2807,0.0043846718035638,0.1316115409135818,0
15,3017,0.0506715551018714,0.0520366057753562,1
16,3030,0.00936696305871,0.5454718470573425,0
17,3292,0.0088245440274477,0.1315993368625641,1
18,3301,0.004864927381277,5.978330135345459,0
19,3663,0.0225673113018274,0.168194830417633,1
20,3675,0.0170743763446807,0.2206141501665115,0
21,4030,0.0364312678575515,0.5804836750030518,1
