,index,emd_ani_sal,emd_ani_gaze,label
0,263,0.0273929387331008,6.602390289306641,0
1,2545,0.0037797491531819,2.64351487159729,1
2,2556,0.0126775912940502,1.6438792943954468,0
3,3201,0.0389589108526706,0.1480535417795181,1
4,3211,0.26372030377388,0.0405865646898746,0
5,3669,0.2915391623973846,0.1584261655807495,1
6,3832,0.0074105621315538,3.6496965885162354,0
7,5049,0.0467679910361766,3.0572402477264404,1
8,5055,0.0312557928264141,0.2643427848815918,0
9,5065,0.0144625958055257,0.5535559058189392,1
10,5072,0.0076532098464667,0.4521381258964538,0
11,5351,0.5208670496940613,1.2329810857772827,1
12,5360,0.1290443539619445,0.3273587822914123,0
13,5686,0.1164876744151115,0.0559917278587818,1
14,5697,0.0722319409251213,0.3525370955467224,0
15,6322,0.0081280386075377,0.6498306393623352,1
16,6333,0.0031826712656766,0.6842484474182129,0
17,6853,0.2186958491802215,0.1661736220121383,1
18,6864,0.1324934363365173,1.66966450214386,0
19,7082,0.0461765825748443,0.1738142520189285,1
20,7091,0.0461996085941791,0.0535097271203994,0
21,7406,0.0494274906814098,3.917564630508423,1
22,7412,0.0576332695782184,0.3741391599178314,0
23,7422,0.0241599418222904,1.0826170444488523,1
24,7429,0.0165907386690378,0.2872460782527923,0
25,7800,0.0126452911645174,0.8805127143859863,1
