,index,emd_ani_sal,emd_ani_gaze,label
0,228,0.0579805858433246,2.40028715133667,0
1,449,0.0312139987945556,1.5359938144683838,1
2,788,0.0448979213833808,3.5694754123687744,0
3,2329,0.1413939893245697,1.7176165580749512,1
4,2338,0.1315909028053283,0.0340127535164356,0
5,2809,0.1139914542436599,5.624273777008057,1
6,2819,0.050712950527668,1.9469760656356807,0
7,4192,0.1179139986634254,0.1387374401092529,1
8,4203,0.0286413468420505,0.796389639377594,0
9,5661,0.1035229936242103,4.6924729347229,1
