,index,emd_ani_sal,emd_ani_gaze,label
0,142,0.0656561553478241,0.3712897300720215,0
1,772,0.1050833687186241,0.4308726489543915,1
2,782,0.1058657467365264,1.2278990745544434,0
3,2427,0.4620126187801361,1.074345946311951,1
4,2439,0.1474654525518417,0.3317409455776214,0
5,2894,0.0031992939766496,0.9931082725524902,1
6,2907,0.0130079993978142,1.1218613386154177,0
7,3475,0.5761845707893372,2.820953886839561e-05,1
8,3487,0.3557464182376861,0.2555703520774841,0
9,4028,0.0091599421575665,0.808547854423523,1
10,4038,0.0081842010840773,1.6311322450637815,0
11,4320,0.1305597573518753,2.660128116607666,1
