,index,emd_ani_sal,emd_ani_gaze,label
0,329,0.330268383026123,1.9734097719192505,0
1,1251,0.1563878655433654,0.4677509367465973,1
2,1261,0.0521045252680778,0.626812756061554,0
3,1884,0.0006938879960216,3.980727434158325,1
4,1896,0.0008473509224131,1.9819949865341189,0
5,2344,0.1118995547294616,0.884366512298584,1
6,2355,0.0045459754765033,2.338223695755005,0
7,3186,0.2544247508049011,0.0253106877207756,1
8,3195,0.1043409332633018,0.6913108825683594,0
9,4394,0.0629592090845108,1.0661786794662476,1
10,4404,0.0184464082121849,1.9529119729995728,0
11,5018,0.0243508834391832,2.987274408340454,1
12,5026,0.0266519580036401,0.5906645655632019,0
13,5637,0.4847696721553802,0.0126726301386952,1
14,5647,0.307005375623703,0.6189600825309753,0
15,7708,0.1285461187362671,1.6537340879440308,1
16,7719,0.0608386695384979,0.6652920246124268,0
17,8214,0.1231925264000892,0.0669543594121933,1
18,8225,0.0845784172415733,0.5539491176605225,0
19,9692,1.6223405599594116,0.6124429702758789,1
20,9702,0.4628769755363464,0.6219686269760132,0
21,10371,0.0241071544587612,1.6993169784545898,1
