,index,emd_ani_sal,emd_ani_gaze,label
0,404,0.0,3.178776502609253,0
1,460,0.007811218034476,0.2486064434051513,1
2,469,0.0,5.587770938873291,0
3,783,0.0616061985492706,0.0137981371954083,1
4,793,0.0003135259030386,0.4114570319652557,0
5,1150,0.030829956755042,0.8957157135009766,1
6,1160,0.1090913042426109,0.2153805345296859,0
7,1513,0.0356765985488891,0.1649950891733169,1
8,1523,0.1438763290643692,2.1098737716674805,0
9,1931,0.2104802429676056,1.973122477531433,1
10,1941,0.1345452964305877,0.1506898999214172,0
11,2353,0.0534990392625331,1.9772197008132932,1
12,2362,0.0098297763615846,0.023956574499607,0
13,2623,0.0722216442227363,0.0114533873274922,1
14,2633,0.001987331546843,0.0751541554927825,0
15,3186,0.1463354527950287,1.6938681602478027,1
16,3197,0.0987538173794746,0.3327949941158294,0
17,3572,0.0166386850178241,4.007269859313965,1
