,index,emd_ani_sal,emd_ani_gaze,label
0,284,0.1643214970827102,1.8588029146194456,0
1,846,0.2162439227104187,0.0511281974613666,1
2,856,0.0746355652809143,0.4019758701324463,0
3,2094,0.0448758266866207,1.5799888372421265,1
4,2104,0.0231306627392768,0.730235755443573,0
5,3834,0.0286724474281072,0.5018091797828674,1
6,3845,0.0048245666548609,1.6265970468521118,0
7,4272,0.0052612447179853,0.9929577708244324,1
8,4282,0.0029976065270602,2.1047821044921875,0
9,5042,0.0158849842846393,2.713608503341675,1
10,5053,0.0241721663624048,0.4123744666576385,0
11,5316,0.0391066186130046,1.9659165143966677,1
12,5326,0.0087525444105267,6.050786972045898,0
13,6534,0.0870670676231384,0.7521981000900269,1
14,6544,0.0482206344604492,2.6545159816741943,0
15,7544,0.2966153919696808,0.0123415803536772,1
