,index,emd_ani_sal,emd_ani_gaze,label
0,328,0.0081120617687702,2.2041611671447754,0
1,1360,0.7351604700088501,0.8298577070236206,1
