,index,emd_ani_sal,emd_ani_gaze,label
0,258,0.0172076988965272,2.4085514545440674,0
1,2089,0.2382975220680236,0.0020959596149623,1
2,2104,0.0679105669260025,0.8134189248085022,0
3,2618,0.0536878444254398,0.8025433421134949,1
4,2632,0.0146896978840231,0.0769403204321861,0
5,3096,0.0820549950003624,1.1049659252166748,1
6,3109,0.0247186832129955,0.3901724815368652,0
7,3556,0.087241344153881,0.0675509124994278,1
8,3570,0.0106350602582097,0.9618868827819824,0
9,4337,0.0280767828226089,1.9873143434524536,1
10,4351,0.0298975240439176,0.5375726222991943,0
11,5040,0.0266161169856786,0.1096477881073951,1
