,index,emd_ani_sal,emd_ani_gaze,label
0,347,0.0912793725728988,2.097929000854492,0
1,991,0.3174649775028229,0.7791522145271301,1
2,1004,0.2479263395071029,0.0147336237132549,0
3,1426,0.0208420362323522,1.0404109954833984,1
4,1440,0.0090495720505714,0.4173390865325928,0
5,2319,0.0508845709264278,0.1728785037994384,1
6,2331,0.0702719092369079,6.214011669158936,0
7,2763,0.3454158008098602,1.526492953300476,1
8,2775,0.128267228603363,0.2473480105400085,0
9,3147,0.0385557189583778,1.1156104803085327,1
10,3160,0.0488408468663692,0.2015418112277984,0
11,3991,0.0037346188910305,1.1118125915527344,1
