,index,emd_ani_sal,emd_ani_gaze,label
0,289,0.426535427570343,1.3616305589675903,0
1,1041,0.0491359494626522,1.0249005556106567,1
2,1054,0.0173218492418527,0.4909494817256927,0
3,2465,0.0095186531543731,0.561006486415863,1
4,2479,0.0136654824018478,1.2008423805236816,0
5,3746,0.1493316888809204,0.0255323275923728,1
6,3759,0.0519756078720092,0.0348748415708541,0
7,4289,0.0261414181441068,0.4156313240528106,1
8,4302,0.0106399646028876,0.2147044688463211,0
9,4718,0.0253223814070224,0.1579394787549972,1
10,4732,0.0207296796143054,0.2431435286998748,0
11,5399,0.2912909090518951,9.783350833458826e-05,1
12,5414,0.1656519323587417,0.0840621143579483,0
13,5792,0.0145527496933937,0.8560156226158142,1
14,5805,0.0151790715754032,1.0403895378112793,0
15,6346,0.0588716119527816,0.2469057887792587,1
