,index,emd_ani_sal,emd_ani_gaze,label
0,137,0.0405903346836566,8.073773384094238,0
1,200,0.0436242818832397,1.865824580192566,1
2,214,0.0064275437034666,1.065488576889038,0
3,1850,0.0874276235699653,0.3788051009178161,1
4,1863,0.0238864012062549,-5.569572749664076e-06,0
5,2203,0.0293322056531906,5.582908153533936,1
6,2217,0.0172299537807703,1.5437488555908203,0
7,2591,0.1055051237344741,0.5239626169204712,1
8,2605,0.0302824527025222,0.0849874317646026,0
9,3062,0.0447345748543739,4.296340465545654,1
10,3076,0.0243637878447771,0.3601483106613159,0
11,3557,0.0859072506427764,1.8411624431610107,1
12,3570,0.009554742835462,0.1493823826313018,0
13,4036,0.0942765548825264,5.460492134094238,1
14,4050,0.0820938423275947,0.293900191783905,0
15,4354,0.1565086096525192,1.2653738260269165,1
16,4368,0.1035531163215637,0.5105813145637512,0
17,4660,0.0053968555293977,0.2823220491409302,1
18,4673,0.010127829387784,0.8000932335853577,0
19,5062,0.029419045895338,3.2651801109313965,1
