,index,emd_ani_sal,emd_ani_gaze,label
0,217,0.0261744614690542,3.049041748046875,0
1,1082,0.0110342055559158,0.0643377006053924,1
2,1094,0.0135982409119606,0.5017113089561462,0
3,1792,0.0625065192580223,0.3544463515281677,1
4,1806,0.004628678318113,1.1359727382659912,0
5,2314,0.0709108933806419,0.1127926334738731,1
6,2327,0.0277194362133741,4.607075214385986,0
7,3377,0.0433099120855331,0.3360736966133117,1
8,3392,0.0565997511148452,0.2320775389671325,0
9,4142,0.0027029011398553,0.5167665481567383,1
10,4154,0.0142930038273334,0.4895088970661163,0
11,6016,0.0189979840070009,0.5432841181755066,1
12,6028,0.0040670563466846,1.0148849487304688,0
13,10046,0.0968256741762161,0.8875001668930054,1
14,10059,0.0048535461537539,1.7224314212799072,0
15,12287,0.0775412619113922,0.4237806499004364,1
16,12298,0.0903944000601768,0.4872407019138336,0
17,13486,0.0333820395171642,1.6340508460998535,1
