,index,emd_ani_sal,emd_ani_gaze,label
0,246,0.4053089320659637,1.666117787361145,0
1,1707,0.026531359180808,0.384181261062622,1
2,1720,0.0756847485899925,0.3942453265190124,0
3,2914,0.01491813454777,6.385056495666504,1
4,2930,0.0354739166796207,1.2747526168823242,0
5,3160,0.0208662636578083,0.0673082247376442,1
6,3174,0.0041389307007193,0.2299893647432327,0
7,3613,0.0044969874434173,0.917860984802246,1
8,3626,0.002126790350303,0.22187440097332,0
9,4264,0.0846165716648101,5.018646717071533,1
10,4276,0.0187534559518098,1.01629376411438,0
11,4731,0.0023909988813102,2.4275097846984863,1
12,4744,0.0026658291462808,0.0502408631145954,0
13,5067,0.0195224210619926,0.548114001750946,1
