,index,emd_ani_sal,emd_ani_gaze,label
0,278,0.0249801222234964,2.3673434257507324,0
1,614,0.0596135444939136,0.0892739221453666,1
2,628,0.0106107089668512,0.2713169455528259,0
3,1069,0.0453112572431564,3.9207377433776855,1
4,1082,0.0297020133584737,0.514829158782959,0
5,1535,0.2066631317138672,0.0149673512205481,1
6,1549,0.0524046719074249,0.8093084692955017,0
7,2077,0.0408751629292964,0.887150228023529,1
8,2090,0.0133745549246668,3.928699493408203,0
9,2967,0.2286994457244873,0.230127677321434,1
10,2982,0.1576398015022277,0.18377585709095,0
11,5267,1.7975558042526243,5.522147843162184e-12,1
12,5281,0.6418917775154114,0.3222735524177551,0
13,6111,0.0982466489076614,0.5841376185417175,1
14,6124,0.0053453221917152,0.638589084148407,0
15,6888,0.0149061623960733,0.0136750433593988,1
