,index,emd_ani_sal,emd_ani_gaze,label
0,359,0.1402645707130432,2.705289602279663,0
1,2249,0.0237463228404521,2.3651373386383057,1
2,2261,0.0313705988228321,0.5503342747688293,0
3,3490,0.0839242711663246,3.78521990776062,1
