,index,emd_ani_sal,emd_ani_gaze,label
0,198,0.1379218250513076,1.404082417488098,0
1,5299,0.0553894229233264,4.350882530212402,1
2,5310,0.0348683930933475,3.8353893756866455,0
3,6854,0.0742285698652267,0.0285198260098695,1
