,index,emd_ani_sal,emd_ani_gaze,label
0,255,0.2217918187379837,2.61207127571106,0
1,7204,0.0046579535119235,0.318230003118515,1
