,index,emd_ani_sal,emd_ani_gaze,label
0,311,0.1232961788773536,2.1547954082489014,0
1,2320,0.3188813328742981,2.254879713058472,1
2,2336,0.172524943947792,0.902984380722046,0
3,3808,0.0079789971932768,0.5417970418930054,1
4,3824,0.0142320003360509,3.917484760284424,0
5,4331,0.1021170392632484,0.6089839339256287,1
6,4347,0.1193678602576255,0.5074980854988098,0
7,4762,0.0178636722266674,3.412698268890381,1
