,index,emd_ani_sal,emd_ani_gaze,label
0,403,0.0,2.9985873699188232,0
1,5369,0.0864513665437698,1.756490707397461,1
2,5383,0.1080939695239067,0.0182401686906814,0
3,12941,0.0070566735230386,0.2267066985368728,1
