,index,emd_ani_sal,emd_ani_gaze,label
0,318,0.1701672524213791,4.874110221862793,0
1,1688,0.2472280710935592,1.841123461723328,1
2,1703,0.1698202192783355,0.0679267942905426,0
3,3132,0.0448324605822563,0.7817236185073853,1
4,3147,0.0399461053311824,2.2489542961120605,0
5,3952,0.1418493390083313,2.199519157409668,1
