,index,emd_ani_sal,emd_ani_gaze,label
0,289,0.0038033488672226,2.210958242416382,0
1,1098,0.0233683735132217,0.2738551199436188,1
2,1109,0.0388399735093116,0.1504868119955063,0
3,1937,0.0586395971477031,0.8343347311019897,1
4,1953,0.0474815629422664,1.2075568437576294,0
5,2310,0.0323281474411487,0.578329861164093,1
6,2322,0.0150734456256031,0.4272159337997436,0
7,3280,0.7039024829864502,4.9871359806275e-06,1
8,3295,0.3265033662319183,0.0002268437237944,0
9,4462,0.3148326575756073,0.0759423002600669,1
