,index,emd_ani_sal,emd_ani_gaze,label
0,226,0.1913840919733047,2.160186052322388,0
1,712,0.2642827928066253,0.4958190023899078,1
2,726,0.0718079432845115,0.0724695771932601,0
3,2029,0.5167437791824341,-9.88312422123272e-07,1
4,2042,0.436169683933258,0.1698849350214004,0
5,3432,0.0513156056404113,0.2866529524326324,1
6,3443,0.0350781232118606,0.3167754113674164,0
7,5026,0.0992883294820785,0.1204510405659675,1
