,index,emd_ani_sal,emd_ani_gaze,label
0,171,0.0237992499023675,4.487083435058594,0
1,226,0.0204082857817411,4.994849681854248,1
2,238,0.0094784293323755,0.3396899104118347,0
3,539,0.0133892679587006,0.7778644561767578,1
4,553,0.003772928379476,0.7731577157974243,0
5,1279,0.0698871538043022,1.1878430843353271,1
6,1295,0.0688693523406982,0.2863204479217529,0
7,1719,0.8485049605369568,0.0216194596141576,1
8,1735,0.3379915356636047,0.0307137407362461,0
9,2207,0.5422854423522949,7.999884837772697e-05,1
10,2222,0.5307270288467407,0.2977564632892608,0
11,3807,0.0635545775294303,0.0732979029417038,1
