,index,emd_ani_sal,emd_ani_gaze,label
0,229,0.1126594319939613,2.0734517574310303,0
1,511,0.0380451343953609,0.1700540781021118,1
2,523,0.0219574961811304,0.2441630661487579,0
3,1146,0.1440446674823761,0.4971360862255096,1
4,1160,0.1254282295703888,0.6199242472648621,0
5,2079,0.0378548949956893,0.2123574614524841,1
6,2094,0.0551690012216568,1.2151888608932495,0
7,6841,0.0029926323331892,0.2952860295772552,1
8,6853,3.810766065726057e-05,4.108763217926025,0
9,7287,0.0039430642500519,0.3737363517284393,1
10,7299,0.0015095133567228,0.0174303520470857,0
11,8508,0.0987772941589355,0.4092026352882385,1
12,8520,0.071166954934597,0.3198160529136657,0
13,9358,0.1715901345014572,1.8613442307469088e-06,1
