,index,emd_ani_sal,emd_ani_gaze,label
0,411,0.1009254455566406,3.673602342605591,0
1,2660,0.1055698543787002,2.4818501472473145,1
2,2676,0.2156524807214737,0.0879439860582351,0
3,3001,0.5146426558494568,0.0868502780795097,1
4,3015,0.2080631703138351,0.0026088084559887,0
5,4824,0.011388867162168,1.5618150234222412,1
6,4840,0.0194174274802207,1.9493813514709477,0
7,6731,0.0514994449913501,4.037888526916504,1
8,6746,0.0979610085487365,4.321804046630859,0
9,7491,0.296988695859909,0.0464502461254596,1
