,index,emd_ani_sal,emd_ani_gaze,label
0,351,0.0280484482645988,4.037854194641113,0
1,531,0.009626230224967,0.3352885544300079,1
2,547,0.0,1.0129122734069824,0
3,2541,0.0132600683718919,0.3467464745044708,1
4,2559,0.0033588011283427,0.3004590570926666,0
5,3056,0.026076016947627,2.15836501121521,1
6,3073,0.0307842101901769,1.1562379598617554,0
7,4395,0.0739495232701301,0.184900626540184,1
8,4412,0.0104016624391078,0.4564095139503479,0
9,4785,0.0811813995242118,3.369123935699463,1
10,4803,0.0670437812805175,0.6861057877540588,0
11,5282,0.021128037944436,3.82667088508606,1
12,5300,0.0245174337178468,0.5673320293426514,0
13,5794,0.0893974006175994,0.2746829986572265,1
14,5812,0.0116739785298705,0.3546120524406433,0
15,6599,0.1302058696746826,4.363163471221924,1
16,6604,0.0668072402477264,4.321427345275879,0
17,6612,0.172086551785469,3.0342249870300293,1
18,6627,0.0132147092372179,0.6860971450805664,0
19,6953,0.0263801142573356,2.6588618755340576,1
