,index,emd_ani_sal,emd_ani_gaze,label
0,382,0.0873496457934379,4.690224170684815,0
1,1215,0.1109722629189491,0.0859339758753776,1
2,1227,0.0191536601632833,0.8882861733436584,0
3,1850,0.0205302536487579,0.1801142245531082,1
4,1866,0.016138095408678,2.6401662826538086,0
5,5567,0.1215123906731605,0.8421792387962341,1
6,5583,0.1268149614334106,0.2647110521793365,0
7,6493,0.0261420663446187,0.0783957540988922,1
