,index,emd_ani_sal,emd_ani_gaze,label
0,288,0.3082040846347809,1.6726431846618652,0
1,934,0.014216685667634,4.764719009399414,1
2,952,0.009875806979835,6.475673675537109,0
3,1511,0.1317520439624786,2.070997714996338,1
4,1528,0.1252560168504715,1.3982259035110474,0
5,2586,0.0811763256788253,4.430644989013672,1
6,2604,0.0600003339350223,0.0969481691718101,0
7,4709,0.071804367005825,4.041477680206299,1
8,4726,0.0795019790530204,6.061450958251953,0
9,5063,0.0426356457173824,6.569698333740234,1
