,index,emd_ani_sal,emd_ani_gaze,label
0,198,0.0072671486996114,1.8976658582687376,0
1,309,0.0282849334180355,0.60292649269104,1
2,672,0.0269647222012281,4.272744655609131,0
3,1224,0.0753469988703727,4.1111249923706055,1
4,1253,0.0482445620000362,0.6608116030693054,0
5,2459,0.0008075025398284,0.3177319169044494,1
6,2680,0.0027275022584944,5.602746486663818,0
7,4149,0.0020237294957041,0.1652225106954574,1
8,4162,0.0049783098511397,0.7973052859306335,0
9,6315,0.027756368741393,2.373915195465088,1
10,6329,0.0203444827347993,0.2884528338909149,0
11,6648,0.0150609435513615,8.235894711106084e-06,1
12,6665,0.0179347656667232,1.1383540630340576,0
13,6943,0.0239758640527725,0.5069811940193176,1
