,index,emd_ani_sal,emd_ani_gaze,label
0,169,0.0028822359163314,2.868247509002685,0
1,344,0.0,2.334804058074951,1
2,361,0.0,1.8687689304351809,0
3,898,0.0026626517064869,3.133793354034424,1
4,914,0.0,1.8736156225204468,0
5,1865,0.0027105284389108,2.303311824798584,1
6,1884,0.0004734866670332,4.058452129364014,0
7,2463,0.1105146259069442,2.954859733581543,1
8,2482,0.0195058919489383,0.6976842284202576,0
9,4051,0.0023457312490791,1.2924354076385498,1
10,4067,0.0060564139857888,0.0177013985812664,0
11,4581,0.0019697621464729,0.6430381536483765,1
