,index,emd_ani_sal,emd_ani_gaze,label
0,314,0.8193534016609192,1.981029272079468,0
1,2572,0.0001448752154828,0.1039243564009666,1
2,2589,0.0048353234305977,0.7148206830024719,0
3,3682,0.0423941537737846,0.0307215489447116,1
4,3698,0.0827997401356697,0.890905499458313,0
5,4946,1.1421185731887815,0.8152986168861389,1
6,4963,0.4703007936477661,0.0291094593703746,0
7,5421,0.0008224450866691,0.0270488951355218,1
