,index,emd_ani_sal,emd_ani_gaze,label
0,130,0.1127827763557434,4.751370906829834,0
1,3198,0.0751831457018852,1.9787338972091677,1
2,3215,0.0341465882956981,2.206547975540161,0
3,3669,0.003215471515432,0.7930979132652283,1
4,3686,0.0,0.0479752011597156,0
5,4430,0.0400419495999813,3.797764778137207,1
6,4449,0.0288271103054285,3.906450271606445,0
7,4971,0.0382895544171333,0.714662492275238,1
8,4987,0.05286730453372,0.6779134273529053,0
9,6248,0.0622491650283336,1.4699167013168335,1
10,6265,0.4728727340698242,0.8449780344963074,0
11,6652,0.0978772640228271,2.422860145568848,1
