,index,emd_ani_sal,emd_ani_gaze,label
0,272,0.001531132729724,1.6951866149902344,0
1,831,0.0111870700493454,3.3443403244018555,1
2,844,0.0001752531679812,1.620142698287964,0
3,4004,0.1117117404937744,3.211498737335205,1
4,4019,0.0671652406454086,2.545286178588867,0
5,5654,0.0456788688898086,2.154987335205078,1
6,5671,0.4925847947597503,1.6287776231765747,0
7,7205,0.2757690846920013,3.1401889324188232,1
8,7222,0.0559753216803073,6.954520225524902,0
9,9828,0.0073366244323551,0.369052529335022,1
