,index,emd_ani_sal,emd_ani_gaze,label
0,309,0.0095319487154483,4.574398994445801,0
1,1008,0.1245481222867965,0.4776042699813843,1
2,1022,0.1007511988282203,0.8559815883636475,0
3,3376,0.0483733303844928,0.9742118716239928,1
4,3387,0.0067929867655038,1.560215711593628,0
5,5512,0.01009704452008,2.760732889175415,1
6,5526,0.0037254281342029,2.7841100692749023,0
7,9304,0.0232048835605382,2.56559419631958,1
