,index,emd_ani_sal,emd_ani_gaze,label
0,392,1.0878310203552246,1.7871994972229004,0
1,610,0.297291100025177,0.4914015829563141,1
2,624,0.0742757990956306,1.2458096742630005,0
3,2559,0.2571161687374115,0.8509364128112793,1
4,2575,0.4739094078540802,0.4832832515239715,0
5,3103,0.1956664323806762,0.3754729926586151,1
6,3118,0.0647135600447654,8.211773872375488,0
7,3429,1.4950239658355713,0.4645662307739258,1
8,3446,0.4899250864982605,0.7523905038833618,0
9,4871,0.1938960403203964,1.1562538146972656,1
10,4886,0.2138439416885376,0.4730917811393738,0
11,7754,0.0135858338326215,2.975790739059448,1
12,7764,0.0162193477153778,2.178043842315674,0
13,7774,0.0129247903823852,2.9015583992004395,1
