,index,emd_ani_sal,emd_ani_gaze,label
0,197,0.0353145524859428,5.678548336029053,0
1,579,0.1199616864323616,2.4120781421661377,1
2,592,0.0301232952624559,4.590532302856445,0
3,1202,0.0655003115534782,2.3714609146118164,1
4,1218,0.0072866026312112,2.4534730911254883,0
5,1701,0.9080891609191896,0.7492430210113525,1
6,1717,0.4803497493267059,1.0399481058120728,0
7,3353,0.1144774928689003,2.2976949214935303,1
8,3371,0.1125803589820861,3.220428228378296,0
9,4107,0.037290520966053,3.970539569854736,1
10,4122,0.0273864176124334,2.1290085315704346,0
11,5000,0.2250771224498748,0.6255425214767456,1
12,5017,0.093865193426609,0.0,0
13,6135,0.2187495231628418,3.2467002868652344,1
14,6150,0.3327451348304748,2.129099607467652,0
15,6925,0.0521652325987815,0.1979905217885971,1
