,index,emd_ani_sal,emd_ani_gaze,label
0,194,0.1732911914587021,3.973419427871704,0
1,1220,0.0424374192953109,2.643491598064429e-06,1
2,1235,0.0224979892373085,0.4114663302898407,0
3,1852,0.1333334445953369,3.121371030807495,1
4,1868,0.0158781055361032,1.4193376302719116,0
5,2281,0.0412666201591491,2.464660882949829,1
6,2299,0.0137624526396393,2.416358709335327,0
7,3059,0.0330883674323558,2.1371841430664062,1
8,3075,0.011956974864006,2.479400873184204,0
9,3401,0.4242686033248901,0.4792572855949402,1
10,3417,0.2286934852600097,0.041118212044239,0
11,5777,0.1849063783884048,11.642332077026367,1
