,index,emd_ani_sal,emd_ani_gaze,label
0,218,0.0518474765121936,1.6080827713012695,0
1,435,0.1269049644470214,2.3617427349090576,1
2,448,0.0415814034640789,1.6224033832550049,0
3,5326,2.712677001953125,0.3389539718627929,1
4,5343,0.2131866514682769,0.43440642952919,0
5,5746,2.662614583969116,0.1785111278295517,1
6,5760,3.616838216781616,0.143706664443016,0
7,6602,0.0111223114654421,1.268009901046753,1
8,6613,0.0101600047200918,3.5778188705444336,0
9,8043,0.3306931853294372,2.359548568725586,1
