,index,emd_ani_sal,emd_ani_gaze,label
0,374,0.5165497064590454,1.7171872854232788,0
1,7502,0.017721876502037,0.0537802912294864,1
2,7512,0.0093513345345854,0.0156461969017982,0
3,11117,0.139729842543602,0.950398087501526,1
