,index,emd_ani_sal,emd_ani_gaze,label
0,391,0.5999418497085571,1.92020320892334,0
1,2468,0.0084162456914782,3.019815683364868,1
2,2482,0.0038561166729778,3.126216173171997,0
3,3214,0.0201931055635213,2.951507806777954,1
4,3225,0.0099865840747952,5.375217914581299,0
5,3795,0.0148904779925942,5.673628807067871,1
6,3806,0.0068505508825182,3.0615811347961426,0
7,4183,0.1104362979531288,1.853587985038757,1
