,index,emd_ani_sal,emd_ani_gaze,label
0,252,0.3444801568984985,1.5505144596099854,0
1,8133,0.0073387967422604,1.7944324016571045,1
2,8147,0.0,2.515819549560547,0
3,13149,0.0083483615890145,3.8674466609954834,1
4,13163,0.0177005939185619,4.335799217224121,0
5,14278,0.2521338164806366,0.1784922629594802,1
