,index,emd_ani_sal,emd_ani_gaze,label
0,334,0.2599852085113525,1.8315433263778689,0
1,5128,0.0400259420275688,0.6726976037025452,1
2,5143,0.1083106696605682,0.8905978202819824,0
3,7533,0.1016580760478973,0.7687735557556152,1
4,7547,0.0694999992847442,1.080620527267456,0
5,8293,0.0517446212470531,0.0075662233866751,1
6,8304,0.0501939132809639,0.1306387931108474,0
7,8850,0.3148014843463897,0.571834921836853,1
8,8864,0.2952709496021271,0.3495423495769501,0
9,9440,0.0562070049345493,0.977744996547699,1
10,9456,0.0307860989123582,0.3135462701320648,0
11,13047,0.1162304654717445,1.0959330797195437,1
