,index,emd_ani_sal,emd_ani_gaze,label
0,267,0.0339931547641754,5.378274440765381,0
1,2116,0.0228854771703481,1.5268455743789673,1
2,2131,0.0991543605923652,1.944715142250061,0
3,9480,0.0810530707240104,2.0701799392700195,1
4,9492,0.0293246265500783,2.547092914581299,0
5,11264,0.0959636196494102,1.6913104057312012,1
6,11279,0.1807880401611328,1.2757943868637085,0
7,14884,0.121017500758171,1.977880835533142,1
8,14913,0.0047398493625223,1.9306426048278809,0
9,15655,0.0333237871527671,2.7254748344421387,1
10,15667,0.0196166448295116,1.95462167263031,0
11,16168,0.0534761175513267,3.5779266357421875,1
12,16178,0.0263412576168775,4.1127238273620605,0
13,16620,0.2007753252983093,5.275842666625977,1
