,index,emd_ani_sal,emd_ani_gaze,label
0,223,0.0409683957695961,7.177364826202393,0
1,1821,0.0355428047478199,2.704906463623047,1
2,1835,0.0067162597551941,4.366082191467285,0
3,12047,0.0358114913105964,2.55080246925354,1
4,12061,0.0488384626805782,2.35835075378418,0
5,13467,0.0323642678558826,2.6132657527923584,1
