,index,emd_ani_sal,emd_ani_gaze,label
0,162,0.2782248556613922,2.5486104488372803,0
1,286,0.9709560871124268,1.075673222541809,1
2,301,0.1491089761257171,1.0297365188598633,0
3,1602,0.0412586331367492,0.5083729028701782,1
4,1615,0.0056585571728646,0.5836408734321594,0
5,2856,0.0025191463064402,1.0989933013916016,1
6,2869,0.0002347181289223,0.1868202835321426,0
7,4207,0.0131668886169791,3.01120662689209,1
8,4221,0.0910520106554031,1.553808569908142,0
9,4668,0.0004464261583052,3.0077126026153564,1
