,index,emd_ani_sal,emd_ani_gaze,label
0,295,0.0,5.203766822814941,0
1,714,0.1075528711080551,3.636038303375244,1
2,730,0.0027825783472508,2.705256462097168,0
3,1081,0.2145885378122329,1.0470541715621948,1
4,1096,0.0351385362446308,0.5914440155029297,0
5,2312,0.1068072319030761,0.6798537373542786,1
6,2327,0.0135590340942144,0.5808976292610168,0
7,3839,0.0,0.602769136428833,1
