,index,emd_ani_sal,emd_ani_gaze,label
0,222,0.0174336042255163,0.6458042860031128,0
1,336,0.01200766954571,2.002175092697144,1
2,347,0.0113605111837387,0.9644485116004944,0
3,2893,0.2813586294651031,0.1293460428714752,1
4,2908,0.2897723913192749,1.451180934906006,0
5,3873,0.2527557015419006,0.4365670084953308,1
