,index,emd_ani_sal,emd_ani_gaze,label
0,263,0.609526515007019,10.960753440856934,0
1,591,0.030683921650052,1.2419219017028809,1
2,602,0.0241244155913591,2.297529458999634,0
3,1117,0.0688550621271133,0.5144087672233582,1
4,1132,0.0182185098528862,0.8578354716300964,0
5,1627,0.0699289441108703,0.5250183343887329,1
6,1637,0.0569982938468456,0.5480781197547913,0
7,2457,0.0215277355164289,0.6443346738815308,1
8,2471,0.007888875901699,0.3399624526500702,0
9,3353,0.0126957613974809,2.5571508407592773,1
10,3366,0.0003131926932837,2.609464406967163,0
11,4108,0.0157361980527639,3.065415859222412,1
12,4123,0.0155755104497075,4.045985221862793,0
13,4828,0.0202151108533144,1.28225839138031,1
