,index,emd_ani_sal,emd_ani_gaze,label
0,327,0.3999166786670685,4.092887878417969,0
1,1034,0.0075687309727072,3.5977442264556885,1
2,1048,0.0048419185914099,3.059866189956665,0
3,1941,0.007121012546122,3.192868232727051,1
4,1959,0.0372158288955688,3.469639301300049,0
5,5422,0.0334458760917186,4.07275915145874,1
